(Do Not Modify) Consumer Advisory,(Do Not Modify) Row Checksum,(Do Not Modify) Modified On,Consumer Advisory ID,Title,Consumer Advisory Category,Supply,Start Date and Time,End Date and Time,Status,Redacted
4095b3cc-d0dc-ed11-a7c7-002248930713,PcrVuOlXE2gnXqCc2b9f20P0s/1dV6fLZfDVh5x+aPnJpiPGRRc+nazlgMlVVx6TuGj5chfV/DriTfWQfgx2Ow==,29/05/2023 3:20,CA-00001346,Boil Water Advisory | Acheron,Boil Water,Acheron,15/04/2023 10:00,26/05/2023 20:00,Inactive,FALSE
5680b443-5a2e-ed11-9db1-002248933ae4,Atbr09kzHxdk24S3dKDNbAghn3bpdtl80AjoqnNN5/InkRan8l/St2mOvwhow+1MijOyKNJyafBa0tdcbDPmwg==,8/12/22 03:19,CA-00001222,Boil water advisory Acheron (Selwyn DC),Boil Water,Acheron,7/8/22 21:08,10/8/22 08:00,Inactive,FALSE
915f34d1-f8dc-ee11-904c-000d3ad07db0,AAxERiVIOCuLGOmSlaOrRj8DWAdjjUw2JJpXSWdD6VCaqkeIaZUQ8ZKcVCQxfeMiCphDVKL8bgNBgcBluotlsQ==,22/04/2024 4:16,CA-00001549,Do Not Drink | Ahipara School,Do Not Drink,Ahipara School,7/3/24 08:00,18/03/2024 8:00,Inactive,FALSE
a48171fd-f5bd-ed11-8400-000d3acb5a90,T0G/7K2ppJu834pX0Cz5Rk7Eo4gEKkDkz/rmhnt07bZ9S5hZC2XmiCzsb9MKEUOATgRph52nyfNfc/D6XXWnCQ==,31/07/2023 22:58,CA-00001326,Boil Water Advisory | Akitio,Boil Water,Akitio,8/3/23 13:00,15/03/2023 11:30,Inactive,FALSE
5b771adb-af71-ed11-81ab-000d3acb5a90,SeIZj5T2j1jvIH/GOv8ceCRR+RgUh6wbtdH3j/Z1i0wmMBq4GTFjsi8j9OOVTLBpi5eNv2zxbANkaYHxjpjIDQ==,19/05/2023 2:40,CA-00001272,Boil water advisory Allandale,Boil Water,Allandale,1/12/22 21:00,15/12/2022 21:00,Inactive,FALSE
0f79619a-99d4-ec11-a7b5-002248934a11,NqogfEnaMWjwYbm+dwVeOT6JLkOv6sPyLzxUDpfn+cAfLGelLa2AK865UhXLXCYy2TWfhNhA2H7V/okxK7ab+g==,8/12/22 01:10,CA-00001076,Temporary boil water advisory Aoraki / Mt Cook (Mackenzie DC),Boil Water,Aoraki/ Mt Cook,13/05/2022 12:48,20/06/2022 8:00,Inactive,FALSE
ff241b2f-6c77-ee11-8179-000d3acb5a90,bp8CKEOa3JoFqZbUoeZbExFSHigbzrO8AKf8DmfApfIWTuIPagW3zqaRpiObLjgZVlRpsGEUuCKOK6s9oPMPvA==,25/01/2024 3:37,CA-00001469,Boil Water Advisory | Aranga School,Boil Water,Aranga School,27/10/2023 21:00,3/11/23 21:00,Inactive,FALSE
ca7ed535-b0ac-ed11-83ff-000d3acb5a90,fsPf2htTw2Nf+gj5yQiu9rtJgy+cbiF/YK4F4c6viY7dGy7CNVjXG4FvOzhT0oYbEk0HHSh6H6Uck3n8qzO8cA==,27/06/2023 0:45,CA-00001309,Boil Water Advisory | Arthurs Pass (Selwyn DC),Boil Water,Arthur's Pass,5/2/23 21:00,10/2/23 21:00,Inactive,FALSE
e7a420af-e330-ee11-bdf3-00224810b565,DpTtDra8ju/d8fwLKn9VNQxIaO4mWd11EkesJURBKnZGo0aaUgyJE697tAGojq9d+ohl6kRaewOcpSJT2VuDOg==,25/08/2023 1:35,CA-00001395,Boil water notice | Ashley gorge,Boil Water,Ashley Gorge,2/8/23 20:00,25/08/2023 5:00,Inactive,FALSE
011d9f20-ec95-ec11-b400-00224812b7d6,XVF3DPz4mZCfjd2b5qVcXNMMdwjo77WCAGfF7u9R5VYF4nxi1AabA9FIreNa5ZWS94lVc906klKFcQ7UocGGgQ==,8/12/22 00:43,CA-00001023,Temporary Boil Water advisory Ashley Gorge (Waimakariri DC),Boil Water,Ashley Gorge,24/02/2022 8:00,24/03/2022 8:00,Inactive,FALSE
3b720a12-0a08-ef11-9f89-000d3acae4c5,MBtHHkXYw+6xl6WA4uyDEYymFXw2l6mvaJrV7W863T3c/m/d1JkPnvNercH7GdEHXfXHtnbQU5HbvQc/U/HJhA==,1/5/24 22:28,CA-00001572,Do not Drink | Awanui School,Do Not Drink,Awanui School,7/3/24 08:00,8/4/24 08:00,Inactive,FALSE
65e19e18-ba84-ee11-8179-000d3acb5a90,h/9Gs98UqrVdSf6ZbRCRM0QegF8HcrU32XZzyL9PkInblu0fJrZ7/EcaPQm4KobpP9HTQBs6nS6MIR2zZOJK7Q==,5/2/24 01:15,CA-00001482,Do Not Drink Advisory | Awhitu School,Do Not Drink,Awhitu District School,9/11/23 08:00,20/11/2023 8:00,Inactive,FALSE
16500bb6-4f23-ed11-9db1-00224811ddc5,2xvNRcw3VtMuPsSlMfSIw0BfaOkx+DSa0bB6RPzLIVcVKpk7GyBHzfqXjHZpvzPEjTDA7t9P72q3ObRJu9S78Q==,5/12/22 02:33,CA-00001211,Do Not Use advisory for Planned water shutdown - Balclutha supply,Do Not Use,Balclutha,10/5/22 11:00,11/5/22 08:00,Inactive,FALSE
39c3895e-e571-ee11-8179-000d3acb5a90,SmXQP4AkgUDle6FBMReFqXfo5tIT0st14Ax7tkMGHX1JNUr25ZWlnNfGhQdi3ptGdB4axGiAyZg4hOjCR7uA4A==,30/10/2023 0:11,CA-00001426,Boil Water for Balmoral Rural,Boil Water,Balmoral Rural,18/10/2023 21:00,30/10/2023 21:00,Inactive,FALSE
0136571b-d6d7-ec11-a7b6-002248934a11,7o6WspcvG6p7j/4+CzrYud5tJrUdvPkgmnm8sIabco2blr6Q7tvLMlycTQ6D1+E0FMC4JBvKnt9POEplwsh48Q==,8/12/22 01:13,CA-00001079,Boil water advisory Balmoral Rural (Hurunui DC),Boil Water,Balmoral Rural,20/05/2022 10:30,22/06/2022 8:00,Inactive,FALSE
a03bd410-d4ae-ec11-983f-002248936f88,KJBTcSIDI/XB6mUfhxvvufd7uAeC/Kkrhqn8ZfOw6wKhGu0ukgU/jlYssvgFAn83gVnvGJh0sUP+5jR1Akj3ag==,8/12/22 00:47,CA-00001045,Temporary Boil Water advisory Bark Bay Campsite (Tasman DC),Boil Water,Bark Bay Campsite,28/03/2022 8:00,14/04/2022 8:30,Inactive,FALSE
86bb2e28-8ff6-ec11-82e7-002248934c07,Xi1fwKzYS4bZbi7y/WzbeQqv3dj/pQJagVY0CHsrEcAr0ZfchcZpKI0qo8eTwvT9xFw9zzYdA6VI1EFFKezRNw==,27/06/2023 0:45,CA-00001140,Boil Water Notice - Battle Hill Farm,Boil Water,Battle Hill Farm Forest Park,23/02/2022 10:00,28/02/2022 8:00,Inactive,FALSE
0b604b33-c7d1-ee11-9079-000d3acb5a90,lNlH/3lZmtN5PoAP0TyhbZ2db8hhLzwAfPA/VHlFQxQP8SIa2XIJ8hnFL7hfH76E7GDgtHC3CyprAPHUCNtsxA==,26/02/2024 1:09,CA-00001538,Boil Water Notice | Beachlands Networks,Boil Water,Beachlands Networks,22/02/2024 19:30,25/02/2024 17:00,Inactive,FALSE
9e2d31f8-0b42-ee11-bdf3-000d3acb5a90,qHFQUZh+a79dSLgRJvIGAACgvFDhzA6Lmkgr235Jd5vsLuumRwrER50DR3rmbo9I6uDt+L3orxjnSYhuIYua+w==,2/10/23 21:29,CA-00001401,Boil Water Advisory Blackball,Boil Water,Blackball,23/08/2023 21:00,30/09/2023 4:00,Inactive,FALSE
772e667b-73eb-ec11-bb3d-002248934c07,ZP8vKZPbwPndF/mnYmwzU9t3YExOb1+Xzbe/FNelqeSQutFMme7wVdw51TZPWelrOojzRnR/PI+38t0jhd6IyA==,8/12/22 01:45,CA-00001089,Boil water advisory Blackball (Grey DC),Boil Water,Blackball,14/06/2022 10:00,20/06/2022 8:00,Inactive,FALSE
9fe8d923-6cb1-ed11-83ff-000d3acb5a90,uLv6XYCQOXlFoeC3Rot/6lrHFipSVuZOD8/pnx71eQJEwTfN7B2pZmnLsNQ+9D4X9eCj0xkfzUZdemLLfyY4cQ==,6/3/24 03:11,CA-00001315,Do Not Drink Advisory | Broadwood Area School (Far North),Do Not Drink,Broadwood Area School,17/02/2023 21:00,30/04/2023 8:00,Inactive,FALSE
9158b3e5-ec18-ed11-b83e-00224811ddc5,S/LbAoctzX794R7Dhs44E5/B9MPRYUjyXss9oFW0gl3qw7oqyyQA36gwHrizBXYEckHL7CdCaM7xNebPo6W8jw==,8/12/22 03:03,CA-00001196,Boil Water advisory Castle Hill (Selwyn District Council),Boil Water,Castle Hill,10/8/22 08:00,26/08/2022 8:00,Inactive,FALSE
fbbc84c7-2bf8-ec11-82e7-002248934a11,aJQRRADoWAq+7hCGMjNaWDIO15k103GIOpxVXwvbLAgmwi00oYML5kei1xukmb0BZjkNqtLy2+h2gewtAm6VrA==,3/2/23 20:46,CA-00001142,COVID DND | Central Takaka School (Tasman DC),Do Not Drink,Central Takaka School,17/06/2022 8:00,,Inactive,FALSE
0b4dc1b6-05eb-ed11-8848-002248930713,tRfxbJzWAkDuHrObhfEcjsziohjEoc3W4AkjNF5EZovSoGnBqA6XClCnAliSocqAZHIA926ENSvuwy3KPdZAQA==,3/4/24 03:14,CA-00001354,Boil Water Advisory | Central Takaka Water Board,Boil Water,Central Takaka Water Board,5/5/23 20:00,14/06/2023 8:00,Inactive,FALSE
99825454-fbd6-ec11-a7b5-002248934a11,ZqD+NT9lb69NxJvK4RwbD7x8bK6y/o0JcKTO9hVdSZ1K7nQvf4B21OI1V03FBviUEAnfDCdfiRV2lGLCnmDivA==,3/2/23 20:43,CA-00001078,Temporary BWN | Claremont (Selwyn DC),Boil Water,Claremont,12/5/22 11:30,16/05/2022 16:10,Inactive,FALSE
50b245d4-a9fd-ed11-8f6d-002248930713,wDV8jb+4UPwdudvRsVfwDGe9ZmQOQ2ybGj00qvWJDF8uNCMRK+gxwsrd+MAL/6jfbhX7HfpipHt+v4NJxtbbVQ==,28/09/2023 3:31,CA-00001364,Boil Water Advisory | Clydevale Pomahaka Rural,Boil Water,Clydevale-Pomahaka Rural,25/05/2023 17:08,19/06/2023 9:30,Inactive,FALSE
290482a2-9a17-ed11-b83e-00224811ddc5,DMUOE9JRW22kLwNfyWZ+Vb4l6YWROybNRw3DAkS5UD6AbdA0QRNwhgmz6Z6kuWoquJ8h0iBahaFbDw/2kJXtTg==,27/06/2023 0:45,CA-00001194,Do not drink advisory Coatesville Playcentre,Do Not Drink,Coatesville Playcentre,5/8/22 16:00,15/08/2022 8:00,Inactive,FALSE
46fbaecd-29f5-ee11-a1fe-00224898b300,lM1hjUQ86PHxY+oQGKPRDGWYHwOSSljzmvnzZMf4YAzz4kLxemnIsjaR9YCUBurMnu8OLOamIkggYux4LUofIQ==,15/04/2024 3:11,CA-00001562,Do Not Drink | Colville School,Do Not Drink,Colville School,19/03/2024 8:00,,Active,FALSE
3c12e12b-e812-ed11-b83d-00224811ddc5,RvRV+6/I0lFEiKzzK468Li+ENRqr6aQPpqvskTFXZEL+WF5XXRM2S/Y8zNxZ/wekvMeysGHIdOajMwn55DxUxg==,5/12/22 02:04,CA-00001189,Don not drink advice - bringing own water in bottles for Dairy Flat School,Do Not Drink,Dairy Flat School,11/2/22 08:00,16/02/2022 8:00,Inactive,FALSE
e5c5a697-9edc-ed11-a7c7-002248930713,1oLNtYdHDs8Hac7Iy/as5nQLkQeWo8u+Loj0TfIfnD6xfLyAmosc7HnfAzrfh6LyQys9Qrw/wz8PvfH3dwGAEg==,17/04/2023 21:13,CA-00001343,Boil Water Notice | Dannevirke | Insect,Boil Water,Dannevirke,14/04/2023 14:00,18/04/2023 8:00,Inactive,FALSE
d33a62b6-3016-ee11-9cbe-000d3acb5a90,grXKImqCV232nerXah0gaF6ml17VMcKfGkoqdY11kTASBJPr+onnsroHm1mooMUNUA1+y62yAd/uBx9uonRSbQ==,29/06/2023 3:55,CA-00001377,Precaution Awaiting Toxicity results Cyanobacteria,Do Not Drink,Delta Lake Subdivision,16/05/2023 20:00,18/05/2023 20:00,Inactive,FALSE
1bb9fa37-23fb-ec11-82e6-002248934c07,DMBVEW4nvDLTx7m7gFZ7JLZbltilg9iw9TDrHxI0E+LtYIPvLCgLjTTa7DW9FspdMdD9oO44wDrNZU7aXmjpgA==,8/12/22 02:40,CA-00001145,Boil water advisory East Rd Broadlands,Boil Water,East Rd Broadlands,4/5/22 08:00,10/5/22 08:00,Inactive,FALSE
46fb969b-037d-ee11-8179-000d3acb5a90,i0nCBh5ymOIuqivqp2+briX3YIz/T0gjoXxWxsJARg46tRuEFpvWfwSX+srJ8UgtxcwiGzov2qVeryHCQ7ktsg==,13/11/2023 2:58,CA-00001472,BWN Eastern Bush Reticulation 4/11/23,Boil Water,Eastern Bush / Otahu Flat RWS,4/11/23 14:00,10/11/23 14:00,Inactive,FALSE
8b86f550-d9fa-ee11-9f89-00224898b300,+CS5mVZQlw0JBi8IDtJn255aIvSqfTTft1jjyT8sO8UELRCi+D1lCfJbnb3XnTqK0LW+9s20xtgbQ/sWVgVsVg==,22/04/2024 1:45,CA-00001565,Boil Water Advisory | Eighty Eight Valley Rural,Boil Water,Eighty Eight Valley Rural,11/4/24 08:00,,Active,FALSE
a14081b1-cfea-ed11-8848-002248930713,Ax8iGDrpRQ2mkYAU+4kspgVogiBSl7xvONuZyRZ2SK1yKd/sVUopIgK7jk55gQSpYtej0PZoHtctaoRuDuugyQ==,18/05/2023 3:56,CA-00001352,Boil Water Advisory | Eighty Eight Valley (Tasman DC),Boil Water,Eighty Eight Valley Rural,5/5/23 20:00,18/05/2023 20:00,Inactive,FALSE
ab656108-d9e7-ed11-8847-000d3acb5a90,DTxEU3ExtXr36mP/n8ZCvjAOZVnUOwgRThm4oWb+IldEtixLt2j74vY3xHWwEoNtFKDR36DLUay5EAboTlwkdw==,1/5/23 04:33,CA-00001350,Boil Water Advisory (E. coli) | Eighty Eight Rural (Tasman DC),Boil Water,Eighty Eight Valley Rural,19/04/2023 20:00,29/04/2023 0:00,Inactive,FALSE
b6c4a750-851e-ed11-b83d-00224811d0ee,Ewna7XKCqvwH1x89mzop5074sxqs6Yob64G1PO5zMLLBYzu0VRpkQDt3mGd+ITTQqz9/5ea+5YftS+/g5/sclA==,8/12/22 03:09,CA-00001203,Boil water advisory Eighty Eight Valley Rural (Tasman District Council),Boil Water,Eighty Eight Valley Rural,17/08/2022 17:00,26/08/2022 14:22,Inactive,FALSE
d5c47ee9-3fe1-ec11-bb3e-002248934a11,V9JEEEpiDosiN+ANdt55Wf5kzQC3tiLDP6rP39vhEkRA0wApIvO86TjS1J+SAyF+U/eplFjArzgaNx41Cwo7zw==,8/12/22 01:33,CA-00001082,Boil water advisory Eighty Eight Valley (Tasman DC),Boil Water,Eighty Eight Valley Rural,1/6/22 12:22,14/06/2022 8:00,Inactive,FALSE
6f89720b-8ad5-ec11-a7b5-002248934c07,FvtnVjx/KpT36mjBXKwPqMyQt6GQWsdJqftS2T1wG354kzJMUygAEnQl8BM1fLjXQwBs1APbbu2N9E1NvVOl4A==,8/12/22 01:12,CA-00001077,Boil water advisory Eketahuna May 2022,Boil Water,Eketahuna,17/05/2022 8:00,1/6/22 07:30,Inactive,FALSE
6390d34f-e8f6-ee11-a1fe-000d3ad1d620,wKdU9nLdLv4fBjNTHi5C1pujSXnZSRK3OFbRklrctEgzia1DNO0Gz4A8hZlfA/8EU3Cv75mpPahB6gajER45rg==,16/04/2024 1:36,CA-00001563,Boil Water Advisory | Franz Josef,Boil Water,Franz Josef,10/4/24 14:00,15/04/2024 8:00,Inactive,FALSE
493bd60c-d6b6-ed11-b597-000d3acb5a90,ja0XeVwPjJB0yqvg2mylL1s77lEvw8pXPXKbWjXKd5gZEy6TYUwnT0bdRn8x7S06BQg6PLy4TrHtZQ32ESSbQQ==,27/06/2023 20:50,CA-00001321,Boil Water Notice | Gisborne Supply - Residents Between Makaraka School and Buckleys Only,Boil Water,Gisborne,28/02/2023 12:00,30/03/2023 8:00,Inactive,FALSE
5156dc8f-a197-ed11-aad1-000d3acb5a90,GMwJoS77pRUE5S0DnqQKNy4IRwGungRITzXP0ep0RwOMDIIF8i5kB6cbvChNllxRtcbJFFf00PuHaoLDzcDd+g==,27/06/2023 0:45,CA-00001296,Boil water advisory Glenbrook Irrigation Company,Boil Water,Glenbrook Irrigation Company Limited,19/08/2022 8:00,24/08/2022 8:00,Inactive,FALSE
f3fd4cac-9b60-ee11-8df0-002248933ae4,KcMI75grkuxKCSjy7AFjWt9AkONo/XrU8DEEHkHzxvNpBAxLB4gTYJrNharbLSavxKM23qF1TtmkPkBMTxHDXw==,1/10/23 20:47,CA-00001419,Boil water advisory for Gore,Boil Water,Gore,23/09/2023 9:57,24/09/2023 11:42,Inactive,FALSE
f588deda-3c74-ed11-81ab-002248930713,ZImSRdD+fnsATmCDsRW2iFRZPZWniDZJYQ8Y6nMInh7JaUlq9MqtAJ2jgYtXVZHo8CwoU/Ey4VZyiS/4KAiAVg==,25/09/2023 19:33,CA-00001274,Boil water advisory Hahei Beach Limited Unregistered Supply,Boil Water,Hahei Beach Limited,29/11/2022 8:00,8/12/22 08:00,Inactive,FALSE
3d73fb14-d76b-ee11-9ae7-002248930713,RAlNZB7T6HhPwF4cW9DRek21HhdrYU1KY9dpuGwXgnCOD0lYi2vHPH4UkI6JoPZYTTKNTJWoUfOrsdeETjWUbw==,16/10/2023 3:51,CA-00001424,Precautionary Boil Water Advisory | Harihari (Westland DC),Boil Water,Harihari,29/09/2023 21:00,30/09/2023 21:00,Inactive,FALSE
74ff098b-2900-ef11-9f89-00224894414a,6KARilgATz9zej1JadPETaf6XqXAaawnWAO+komdP1xe4Zr8LOEArdwnuv6GRQLp/4q2IYXchHUUmeH9Kn0hgw==,22/04/2024 1:46,CA-00001567,Do Not Drink | Hartley's Road,Do Not Drink,Hartley's Road,18/04/2024 11:51,,Inactive,FALSE
b4723a29-ca16-ee11-9cbe-000d3acb5a90,uRtF4O8n+5OOxim8QhqJ+tL+9kwBDPWXTbGtj7GJRS9qZTdVN6cz5zyBhD5IBvQkwmrBO+gVHFRIVZE3t8+n8A==,29/06/2023 22:14,CA-00001378,Hautope Water Supply,Boil Water,Hautope Water Scheme,10/6/23 08:00,19/06/2023 8:00,Inactive,FALSE
1a6bbd40-1df1-ec11-bb3d-002248934a11,kiazTeM9K0owfplvNy2riV5UOtR3VV/QabLXAsnzQPj+AGYEvldPs80OTRYiEWdWnU3qAp/4kdRjig19W7vB8w==,8/12/22 01:59,CA-00001109,Boil Water advisory Hautope Water Scheme November 2021,Boil Water,Hautope Water Scheme,18/11/2021 8:00,4/12/21 08:00,Inactive,FALSE
59dcb52c-cd96-ed11-aad1-000d3acb5a90,DjHZ9fa9KqO26ZSQw6CvoztlqUHPCmEl4tqd52Idt2t4qUhPOEdxCbynC/JSMBpn33SMKjzK481G6xNuSvdGvw==,15/05/2023 23:16,CA-00001294,Boil Water Advisory | Hauturu School Supply,Boil Water,Hauturu School,9/12/22 08:00,9/2/23 08:00,Inactive,FALSE
4450daeb-a981-ee11-8179-002248930713,CXploKIn+6PWIXRJ4YGJk5P7vQ+58E8MxBt9FkrsqayR2el7FJFT2Ok1ygZCl7CjAHWi3Yfaiez4t4ulNNf+VQ==,8/3/24 02:49,CA-00001480,Do Not Drink - He Puna Ruku M_tauranga o Whangaruru,Do Not Drink,He Puna Ruku M_tauranga o Whangaruru,7/11/23 21:00,5/12/23 08:00,Inactive,FALSE
b155613f-f70e-ee11-8f6e-000d3acb5a90,nwbEnJzjqroM4kRXWYc8d18DzNFQNyuwBTtJdlJOl88K5VwEzgh7pd1oliroHSJTHPt37L5/0ioGeC0Nb1xJ4Q==,17/01/2024 19:52,CA-00001372,Boil water advisory | Whangaruru School,Boil Water,He Puna Ruku M_tauranga o Whangaruru,22/05/2023 8:00,11/8/23 08:00,Inactive,FALSE
441e7493-d50f-ee11-8f6e-002248930713,IoPL1wmtSokOwjCxHqNPkPAexvMb9ee0wuUMW7sg4oRQptb0+nFzD9Om1kCJoS1mKac3j91T1DpYLKFrexck/w==,10/7/23 01:39,CA-00001373,Boil Water Advisory | Hook (Waimate DC),Boil Water,Hook/Waituna Rural,21/06/2023 20:00,30/06/2023 20:00,Inactive,FALSE
e9ce2ea3-98ad-ed11-83ff-002248930713,pAEgVQ8WCle5oA/CPBW7rr9Xy3FM571Wt3COll9eOo09w+HKY7AOawyOqsCGYeOTzGks6diAGcMCGWva36uZJA==,22/03/2023 1:32,CA-00001312,Boil Water Advisory | Hook/Waituna (Waimate DC),Boil Water,Hook/Waituna Rural,9/3/23 01:00,8/3/23 21:00,Inactive,FALSE
d3e343d7-0cf1-ec11-bb3d-002248934a11,OcUf2wmiHf89lqWEi+41FwrfIjiTa/WidUEv+0vPHEsgGorKAt8Gl2GwnP1j5V1uqgqqmd+zE+fw8MfnEzO4hw==,8/12/22 01:56,CA-00001102,Do not drink advisory Hunua School while retesting done,Do Not Drink,Hunua School,26/11/2021 8:00,3/12/21 08:00,Inactive,FALSE
068f1658-11e2-ec11-bb3e-002248934a11,EBlDbtKZb6llx5a9Y5NuI0CeXIhWsw9rYVhJgwDmJZlDIiN5WqFTGLng25CZk7F9W2+0yhAROMNub/u3oxXkrw==,23/05/2023 1:38,CA-00001084,Boil water advisory Inangahua Junction (Buller DC),Boil Water,Inangahua Junction,20/05/2022 13:14,20/06/2022 20:00,Inactive,FALSE
29a71b0d-0592-ed11-aad0-000d3acb5a90,oKdU5pDxm78ou6LwP/faeCmFQ6KffqUeQalTuRctQrWcf1by8tqurEhdEA53B6xJ6eMXl9jTQfsnNX898+vYRw==,22/05/2023 23:38,CA-00001290,Boil Water Notice | Kaingaroa (Chathams),Boil Water,"Kaingaroa, Chatham Is.",16/12/2022 1:00,27/01/2023 21:00,Inactive,FALSE
70cc3e95-b8d8-ed11-a7c7-002248930713,Wp0VEbsmYtdL8CwhlNqt+Fjl1Aqy23tddHN/1nFo4lfCpGIRDx/Jngmas3ncmAGPWKdesJSHROHVgXFaCT7Sow==,29/05/2023 1:38,CA-00001341,Boil water advisory Kaitangata,Boil Water,Kaitangata,6/4/23 17:05,29/05/2023 12:45,Inactive,FALSE
3293d766-240e-ed11-b83d-00224811d0ee,wHGVWj3E4gFWdvmMh3oR24ZjrC3PxtHZNoNwKGOlLdzqvUd3P8hwKmil4GOsjZDNjVN3STPrGF+w4q5u4XAspw==,5/12/22 01:57,CA-00001179,Do not drink advice given to Kaitoke School,Do Not Drink,Kaitoke School (Wanganui),10/6/22 08:00,17/06/2022 8:00,Inactive,FALSE
4a417116-adb5-ee11-a568-000d3acb5a90,26lA7zMD8dQnqABt+M1GWOWoomyGXkUTDStYFV/7DqMFe6LKFED4lCR+ZwnbEscyeu2SWHtjueYguPgZ09u8nw==,15/02/2024 1:15,CA-00001517,Do Not Drink | Karaka School,Do Not Drink,Karaka School,17/01/2024 8:00,31/01/2024 8:00,Inactive,FALSE
4f611888-ec66-ee11-9ae7-000d3acb5a90,877RrPT2AE4JZibPxnvCcEz8t77r2XeinMoFMVs31WRabylsy2SIgCfpS3tOZs9pVdbFkbqrtGBtGDZ494qG0A==,15/02/2024 1:12,CA-00001422,Boil Water Advisory | Kaukapakapa School,Boil Water,Kaukapakapa School,4/10/23 08:00,31/10/2023 8:00,Inactive,FALSE
ebe075aa-665e-ee11-be6f-002248933ae4,FeusavAG81yJZrpkQIII7DYgGlfMEoXAhEA2xtYYYdYbX2Zk5aVXMPqGPq7EM+pvP3flijaxc/UJPgyaa7zRXQ==,29/09/2023 1:22,CA-00001416,Boil Water Notice for Kauru Hill,Boil Water,Kauru Hill,26/09/2023 2:00,29/09/2023 2:00,Inactive,FALSE
e434053c-9bdc-ed11-a7c6-000d3acb5a90,uSCF2UsRMuZHLi2SKn9s5JM51b8xHewwsx1oB2vdTlwKdgi3+bo1A7//EXubvMPOYd79TEM7cgpoFyDE1ts53g==,16/04/2023 21:11,CA-00001342,Boil water advisory for Kauru Hill,Boil Water,Kauru Hill,12/4/23 08:00,16/04/2023 8:00,Inactive,FALSE
dcfe1a75-1ced-ed11-8849-002248930713,HtbgB2H6lVsxuVZaj+9289R4Kyf7AWDfu21CBaw7iKd51dJeTkb7fWO6aTsdlWbXASfpbE3cThGcJcX6rAlTnw==,7/5/23 21:16,CA-00001355,Boil water advisory for Kauru Hill,Boil Water,Kauru Hill,21/03/2023 8:00,22/03/2023 10:00,Inactive,FALSE
f330180f-f469-ed11-81ab-002248930713,i5nH8IFuTfXWHQjljscPX4Q16FhVJiqGIY6/m5V7SdeFhvHk2lo/Fw2Q5dXxI3r7fazQJPqGdGTszAB8yM1UtQ==,19/12/2022 0:26,CA-00001267,Boil Water advisory and Conserve Water for Kauru Hill,Boil Water,Kauru Hill,19/11/2022 19:00,22/11/2022 9:00,Inactive,FALSE
53896c42-14aa-ec11-9840-002248936b5e,DfINgXsHsPq9gG5+/DJThUHy6QcFVSjRfHKkByZ/KtPwQtqJwYAWaKnxQYi19dB+KbNdU4UCH8nLqzsRqJWaNQ==,8/12/22 01:15,CA-00001039,Boil water advisory Kincaid Rural Water Supply,Boil Water,Kincaid Rural Water Supply,22/03/2022 10:49,7/4/22 10:00,Inactive,FALSE
8b0bccce-554b-ed11-bba2-002248933f86,otFHkp4jQilv0DxCFPd3/XKYgRxXCZp4R69SOTsgjqTt/Uyh3bQHLwgfkRzNAI8CW1ffK0vWmM1WE5QC+rFG8w==,5/12/22 01:42,CA-00001252,Boil Water Notice - Kohukohu School - E. coli,Boil Water,Kohukohu School,1/9/22 08:00,16/09/2022 8:00,Inactive,FALSE
dd83d8a3-7739-ed11-9db0-002248933f86,0zz56AMnBVqnqi98+7Ln/QWatS09JZbp6a3O50ITVyhebs5p4E0TWeLpo3azWHFBGluknevrF4vI4CgDJ2F3bg==,5/12/22 00:55,CA-00001229,Do Not Drink - E.coli - Kokopu School - Kokopu School supply,Do Not Drink,Kokopu School,21/09/2022 8:00,30/09/2022 8:00,Inactive,FALSE
a3e765a2-9d4a-ed11-bba2-002248933ae4,awWQtyj/hAUmpwWJVl/ICblR3O0hJrha3piWKo+tVXhmgvjMhCoEu51ft2QEz363b/MHBfK3SL0hwJgaubFQzA==,5/12/22 01:38,CA-00001249,Boil Water Notice - Kokopu School - high E. coli,Boil Water,Kokopu School,8/9/22 08:00,12/9/22 08:00,Inactive,FALSE
5c0e4074-53c4-ed11-b596-000d3acb5a90,QyhrwOEu5nw0dKxMFFjYfLyRCFBJfMX7QAtGbj9mPbhmijn+qLm4TeN2xYSLb8Fp7cySmgLh6PYOFS2QVQcblg==,27/09/2023 19:41,CA-00001330,Do Not Drink Advisory | Kopane School,Do Not Drink,Kopane School,16/03/2023 12:00,27/03/2023 8:00,Inactive,FALSE
bbef8281-0412-ed11-b83d-00224811ddc5,PgJTXn+lRF5TJJGrpmb24l1TRpB2veK2r3EsRwzAWkO11Ykf3+UIDwt/KErTozoE39+37MiRxyRbQ4NakYg7lg==,22/03/2024 1:34,CA-00001187,Long term boil water advisory Kourawhero Hall,Boil Water,Kourawhero Hall,17/11/2021 8:00,24/11/2021 8:00,Inactive,FALSE
951e9eef-c0b1-ee11-a568-002248930713,NQRXQVGi9yIBjlPj3mvCHhfbKe1wVn62uBCR+Hl46GdFOjj0ktCeCpPuOGPteEhzrXapWt/TxAR2evlChKTyUQ==,29/04/2024 4:27,CA-00001514,Boil water Advisory | Kurow,Boil Water,Kurow,13/01/2024 8:00,18/01/2024 13:30,Inactive,FALSE
30bfb6c8-99ce-ee11-9079-002248930713,7tu4Kidxxyh5zQd0t7i547cCm+LpUXa9V8rlboK+OttO6TSxkL/WDKYVdxjRdWtUFrB/zTNBEs5xGOtIwdW0Hw==,18/03/2024 3:09,CA-00001533,Boil Water | Lauder Supply,Boil Water,Lauder,14/02/2024 4:00,24/02/2024 4:00,Inactive,FALSE
cdd5b79c-6514-ed11-b83d-00224811d0ee,bTGfZz7E+e0gxmCp0OeWkQ3Cc9pyMqBz8qfeTXH2jNwqWMThkXElgwmehaJTvg7hgDD/FSpVfbIPe8FB4gWoKw==,5/10/23 20:55,CA-00001191,Boil water advisory for Lauder,Boil Water,Lauder,27/09/2023 13:00,4/10/23 13:00,Inactive,FALSE
cc3f0777-e374-ed11-81ab-002248930713,3fh1tP5C3eQS7Jucr+IgFKMcXvzJAUhK0AhSbwBFv6p3l3nUPif8+VdpeoydVsX+PTjOlEnQtmuc15kaFLZWXg==,28/09/2023 4:00,CA-00001275,Boil water advisory for Lauder,Boil Water,Lauder,28/11/2022 9:00,8/12/22 14:00,Inactive,FALSE
6752f620-585e-ed11-9562-002248933f86,aYddBOnP+CELX/RVw1uVAFfHvNh0ZEDae77L3DVtHcpBPnrQSH2ALUl8Q9jSFAV3o/tlqI3u+0vJZVWP8lWocg==,27/11/2022 20:59,CA-00001258,Boil water advisory notice for Lauder,Boil Water,Lauder,12/10/22 09:00,19/10/2022 9:00,Inactive,FALSE
fa39df2b-75da-ee11-904c-000d3a6a1138,mpNyTbkVLg/vzsTR1VMkOI7EDCnfzzBFnEfV6MP2idJjMIvCoFZc7xddDUktS9FBpvyUOE1oujNTiUEjq5C00g==,14/03/2024 22:33,CA-00001546,Boil water advisory | Lawrence supply,Boil Water,Lawrence,4/3/24 19:30,11/3/24 15:00,Inactive,FALSE
f52a4df4-a449-ed11-bba2-002248933ae4,QO0/UkMj6Ru65SN855Zp0NHTLGcSE6msunZXq8GU5kq42V4HtTxRa9wtXRGcixVMBy44ACPCe8WzFr4xfklgHA==,5/12/22 00:41,CA-00001236,Boil Water Notice - E. coli - Linkwater School,Boil Water,Linkwater School,9/2/22 08:00,12/2/22 08:00,Inactive,FALSE
5891e74f-a408-ed11-82e5-002248934c07,qMbvJ1R/8o3HN3IN31IBTWznEcAqgf1ywfjtceRS2s7uFpxCXcdrZR4Rv+wEeN3/3m2317KetnPFs06rejiCeQ==,8/12/22 02:56,CA-00001169,Boil water advisory Lower Waihao Rural (Waimate DC),Boil Water,Lower Waihao Rural,21/07/2022 11:00,28/07/2022 17:00,Inactive,FALSE
791886ca-2366-ed11-9560-000d3acb5a90,yYld7dllVOx3h4dHnrmXtGFDg3tjIDudVuyaKDX97cd24IifmcX1B9whypwcbLb8i9jcGqg6odE3yb+YMBGmIw==,7/12/22 03:24,CA-00001262,Boil water advisory for Lower Waitaki Rural - high turbidity,Boil Water,"Lower Waitaki, Rural",26/07/2022 8:00,1/8/22 08:00,Inactive,FALSE
394d877a-4006-ed11-82e5-002248934a11,bQuxadI4+QpVhkcXtgVSRdjNbwKrpA2ut83MuvogfPjePcGseX0tf+WxnpKeWWmvF48NNTFIxstV7xBN/h/+XA==,8/12/22 02:50,CA-00001161,Boil water advisory Lower Waitaki Rural,Boil Water,"Lower Waitaki, Rural",11/1/22 08:00,9/3/22 08:00,Inactive,FALSE
589787dd-9c3c-ee11-bdf4-002248930713,8ICzoNzxJPmA8WH3w/M+kffhM9RaHo6ooxC2uJbgbBUd0sktLUvTn0zkourWYeS7k/DtZLY8GxSs8pQOLUgUOA==,17/08/2023 1:25,CA-00001398,Luggate Boil Water Notice,Boil Water,Luggate,12/8/23 12:00,14/08/2023 4:30,Inactive,FALSE
d75e595f-c9bb-ee11-9078-002248930713,L4SoJ6PgG2FHTu8nOVMZff9AH9L5Gd7X9K2faVkik0871psbwsA4cMS4xYZaWJq1MybOTF9WEQ6WsZdyqpKXgg==,29/04/2024 4:25,CA-00001518,Do Not Drink Advisory | Macraes Moonlight School,Do Not Drink,Macraes Moonlight School,26/01/2024 8:00,14/03/2024 8:00,Inactive,FALSE
454aa94e-4044-ed11-bba3-002248933ae4,SAiNsntOme9y7epwq+PopPMmrviLRQ66BLiK6o0DrpUTc19UQNAsc6DE23oFJrmOmRsOwZlNAIZet8c1y3ZeIw==,8/12/22 03:20,CA-00001234,Boil water advisory for Maheno supply,Boil Water,Maheno,1/10/22 20:40,2/10/22 13:33,Inactive,FALSE
8bfb2831-7a1e-ed11-b83d-00224811ddc5,MTwfVXECWWAqXIDALGOCPEgqFM6EmIHc4k60Fz267I8L5i/TYncU5+FaPqOPiK1S/+z6N4CmZBvLwZ/SxOo/1A==,8/12/22 03:08,CA-00001202,Boil water advisory Maheno,Boil Water,Maheno,23/02/2022 17:50,28/02/2022 9:00,Inactive,FALSE
2326f8c2-08f1-ec11-bb3d-002248934c07,012mz391uZWN4uZoodaNJJy6uEg5YvMKkWs+7gpjOBEaTni25BZen33ZL9ErnNgKPGC/LictC7d40nfW3eQceQ==,4/8/23 04:35,CA-00001098,Boil water advisory for Maheno,Boil Water,Maheno,6/12/21 09:00,9/12/21 11:02,Inactive,FALSE
b3203224-23d4-ee11-904d-000d3acb5a90,1+Aa7/XLkduaW7zS+TC5nFFRdDpR+PHtf55HXOxOyW67VkUe13HRZKAPuNrTvRp5DigoIsifm1KG6atsPVDDqg==,12/4/24 02:16,CA-00001540,Boil Water Advisory | Matahu Shool,Boil Water,Makahu School,14/02/2024 8:00,29/02/2024 8:00,Inactive,FALSE
db8a08be-5814-ed11-b83d-00224811d0ee,KWLM01bDSxmECWh7vKHCOQxWKVGEEXciPQ6pHiss9clOOLHSW0yxsC1hLmMFtZS9qb3eABSHuR2go/4lMs3oAw==,5/12/22 02:21,CA-00001190,Do Not Drink notice for Mangakahia Area School - UV system failure,Do Not Drink,Mangakahia Area School,5/8/22 14:00,9/8/22 11:30,Inactive,FALSE
9e27e905-7da8-ee11-be37-000d3acb5a90,j0VukcABCI4xzmcH9evi2J8ZqXxtEOVw6lMcRN0sw3Ly1V7lx/DH73Ix58Nkjj/WLuP2jF0n+o6yhCWIdoXTmw==,2/1/24 23:39,CA-00001511,Boil Water Notice | Matarangi,Boil Water,Matarangi,1/1/24 21:00,2/1/24 21:00,Inactive,FALSE
c14f74c7-e984-ee11-8179-000d3acb5a90,Ic4Hkit94kGgl+4mtSitrMVXerd85QCX22vbta8sEHgXTmVc+snQxYFCAWGffO2F7I1UPtk0e5DYhDEnsTEyAg==,5/12/23 19:18,CA-00001485,Do Not Drink | Matauri Bay School,Do Not Drink,Matauri Bay School,10/10/23 08:00,5/12/23 08:00,Inactive,FALSE
7fc23c2c-6595-ee11-be37-002248933ae4,pNT/U8xuvSQ/XlfAjWoTDD5V1rjZchTIjX434BpEUmuf/au68CL9ZnlysKxEHC5+MdyG8thpiLgtctpqmcH/3Q==,21/12/2023 20:55,CA-00001495,Boil Water | <Redacted>and <Redacted>,Boil Water,<Redacted>,7/12/23 13:00,21/12/2023 8:00,Inactive,TRUE
872a64f7-e8a8-ed11-aad1-000d3acb5a90,vcbNcn3ZNs6WOLtu1yFlYC4CRTsz24Dlm7JGV5ipWWAWufeHCMnDvWIYoBbI3VJcLRQEyt5iItPXvXiW+KDg+g==,18/10/2023 21:24,CA-00001304,Boil Water Advisory <Redacted>- January 2023,Boil Water,<Redacted>,18/01/2023 8:00,26/03/2023 8:00,Inactive,TRUE
38d57c18-b016-ed11-b83e-00224811ddc5,wxJve8TbZvCGhBvqY8UeOwu/0K4rbULYH4PbO38dCoElARVX9mNJDfnkKFAvDEz5qM0luEbPm2NZiYN1rTBqjg==,8/12/22 03:01,CA-00001193,Boil Water advisory Methven (Ashburton DC),Boil Water,Methven,6/8/22 17:00,11/8/22 17:00,Inactive,FALSE
db722569-badc-ed11-a7c7-002248930713,ogIzw28Cct8wUNGCUxD6OlG9tGqkJ6NxTJYYJ+6/5NTpPncN7YvXjHbCLcNk1aaeKxi5dTzE+UzVw3MmZwHMVQ==,21/04/2023 0:37,CA-00001345,Boil Water Advisory | Methven/Springfield (Ashburton DC),Boil Water,Methven/Springfield,15/04/2023 10:00,20/04/2023 5:00,Inactive,FALSE
da69ed8f-aa07-ed11-82e5-002248934c07,jD79ZjqxRCkSH2KUf0erwUy2f/G60xf/JLCphrgoV15yhhF9dWr0vs6olVdJefXIcXujWqW9dvi3Se5213iL7A==,8/12/22 02:56,CA-00001167,Boil water advisory Methven/Springfield (Ashburton DC),Boil Water,Methven/Springfield,20/07/2022 8:30,7/9/22 15:50,Inactive,FALSE
b1c99cb6-6922-ed11-9db1-00224811d0ee,MBrXDLOYMH5hq0NZbTj8IQ7EZC9MinWtVbmyDUxFbSzRo6pH9vAtH4/nrksB2+m8nXYXcla/3z8cENxhtoki2g==,28/09/2023 4:06,CA-00001208,Boil water advisory for Milton,Boil Water,Milton,27/01/2022 13:29,28/01/2022 9:00,Inactive,FALSE
d99a5640-19f9-ed11-8f6e-002248930713,PQliDFSf7NJgWhMUDlTG0V5iWxo14iZFN/oyJ1K2F84stcDdJd3MSQm+Mh16syeXAH3QjgocBgPYcT24TjqM1w==,23/05/2023 3:24,CA-00001361,Precautionary Boil Water Advisory | Moa Flat,Boil Water,Moa Flat,27/09/2022 14:07,3/10/22 15:33,Inactive,FALSE
38e84926-631f-ed11-b83d-00224811d0ee,pExB0I0+VXY9s6O+h78o18suF3rY6VGyZNMigQB7SooHjA0mpf4oUOfZvBupKSCCq9FO8p33Rgz46oIrwlZbuA==,8/12/22 03:10,CA-00001204,Boil water advisory Moenui (Marlborough DC),Boil Water,Moenui,20/08/2022 1:30,22/08/2022 20:00,Inactive,FALSE
449daa58-9c17-ed11-b83e-00224811ddc5,/1FOIpDeeSvQpsByGVNeW8XelyD9DBBW7dRP2VSj1hHt3Ur3a6Ig0AHZ3i07Xc0z4wBlbz0V9ISjuT+cpqK51w==,8/12/22 03:02,CA-00001195,Boil Water Notice Moenui (Marlborough DC),Boil Water,Moenui,9/8/22 17:00,30/09/2022 21:00,Inactive,FALSE
ae239ba6-6562-ee11-8df0-002248930713,8DxH47QuWBSuJaS2i9+dqPV9aBLVAxNnpx3dx7oPe958zpvX3xY+jB1BLZXnee0m91qBPEkFbTl085YCTkVlJg==,9/10/23 22:00,CA-00001420,Boil Water for section of Mokai - 275 Tirohanga Rd,Boil Water,Mokai Trust,2/10/23 08:00,10/10/23 08:00,Inactive,FALSE
675dd97a-97e4-ee11-904c-000d3ad07db0,CbeUd9nB+39TSfRt+KRTbHv8CAZdDBZqdoH+IC4xloGnv2Lb9bG0mQXGWfF5mldhp06EwyLJ6h1Doj4S26YKVQ==,2/4/24 23:38,CA-00001552,Do Not Use advisory | Mokoia Primary School,Do Not Use,Mokoia Primary School,7/3/24 08:00,3/4/24 08:00,Inactive,FALSE
a491b244-576f-ed11-81ab-002248930713,jPru5kpj9JT33xqXocAQO9T2umtnWk/eYALXpdrCFq1ydaKOH31vRs1Dgbjlw3tG4DRSbgQ9brMcCjKG2HuSGw==,24/07/2023 23:39,CA-00001269,Boil water advisory | Morrinsville Boil Water Notice | Unplanned supply,Boil Water,Morrinsville,28/11/2022 21:30,2/12/22 08:00,Inactive,FALSE
8f7b7688-1829-ee11-9965-000d3acb5a90,M1JCi59cqvOC9w/Jxw4JXTAE43nizCOEjZyYmC/SxwxH94kS/NVR1jJsPKyOxkBx5IR5foNEf2dCaPFtwicEmg==,30/07/2023 23:16,CA-00001390,Boil Water | Mt Somers | Heavy Rain 23/7/2023,Boil Water,Mt Somers,23/07/2023 16:40,29/07/2023 4:30,Inactive,FALSE
4952ad62-a0dc-ed11-a7c7-002248930713,yfWMUpPin7nEPxfxU/4hScyGaZN7VrXMNlKi1UbCXnVbds5EJMjzH/fchW6xIV1e3R3i6edkAMwjaXmcilO9hQ==,20/04/2023 2:25,CA-00001344,Boil Water Notice Mt Somers,Boil Water,Mt Somers,14/04/2023 19:50,15/04/2023 20:00,Inactive,FALSE
084b2d6d-1269-ed11-81ab-000d3acb5a90,eE4nST3Ccyjw0jDUs7GVEmdPDqqvgvQACYTEzS0pR6sQcvkrSpTfmHnUUQVi13/0X37K521lhzhVPrImSB/1CA==,22/03/2024 1:36,CA-00001264,Long term boil water advisory Mt. Somers (Ashburton),Boil Water,Mt Somers,20/11/2022 6:30,24/11/2022 16:30,Inactive,FALSE
984d08ee-1407-ed11-82e5-002248934c07,hDYn55kOSqiKlVfQN01/TGFMnLuOgdjLuv75WRGjShblb+eQ7d22nX04HoXxbaXvsVuGKc3ivGWiXUMLMTerPA==,8/12/22 02:52,CA-00001164,Boil water advisory Mt Somers (Ashburton DC),Boil Water,Mt Somers,19/07/2022 14:00,24/07/2022 15:30,Inactive,FALSE
4c79fb22-07c9-ed11-b596-002248930713,mHeaSuqyvH91Y92gHJQUOf2ezXbuGCuV6YTSKVMfcWHmsPumich5MjGyA0C5F44dvrJ/3IO3kR+JUnf+T2IbXA==,6/3/24 03:13,CA-00001334,Do not Drink Advisory | Muriwai School (Gisborne),Do Not Drink,Muriwai School,7/3/23 08:00,3/4/23 08:00,Inactive,FALSE
ef856321-1fa8-ed11-aad1-000d3acb5a90,XmRcCng4qEqxpAcn+PVN/3qcrNhsrQjuLFce2o4fxu+0f3w/+Z8QRpdSTMjv/3/W8KYUJCIn/9Tb3Hr8HMmeDA==,31/03/2023 3:30,CA-00001302,Boil Water Advisory | Murupara - WDC,Boil Water,Murupara,9/2/23 08:00,21/02/2023 8:00,Inactive,FALSE
aa5c343f-2de1-ec11-bb3e-002248934a11,Wa6dbswnZU61qKjJNXfNmFM83MCGA5ZnQHFjd9Nmis5dbo1CLRxjdKq37vsjkHnylnkLoU1bbRcjP+7E/8xtfQ==,8/12/22 01:32,CA-00001081,Boil water advisory Nelson (Nelson City),Boil Water,Nelson,31/05/2022 18:00,3/6/22 14:13,Inactive,FALSE
0accee6b-7574-ee11-8179-000d3acb5a90,4dT55tB1+n0fLLLiyBKkL9svlexK1TRRrv+gZd8+5yvKMnsXyuDVQGGEPL9ievfzqo3tf797iPpEghulDEmRFg==,27/10/2023 3:03,CA-00001432,BWN | Ngahinapouri School,Boil Water,Ngahinapouri School,16/10/2023 8:00,18/10/2023 8:00,Inactive,FALSE
19da73ce-0dc6-ee11-9079-000d3acb5a90,m7Rzj7SBT/ezLwdvbIIzGUcjGGMJuhyb3lvlUcS80bYREJu/aEDby732OuoKYXhBHU6A7h4Cf0jrazq2p358Uw==,3/3/24 21:51,CA-00001522,Do Not Drink | Ngata Memorial College,Do Not Drink,Ngata Memorial College,16/01/2024 8:00,18/02/2024 8:00,Inactive,FALSE
62cf2195-2166-ed11-9560-000d3acb5a90,qsuujBJ7hS/4faOPkrILSjpLCmfnUhEqARlc9RoE/1/mWFp7MHKOQbKRQr81YFYaaHB1m3lK+ELfCU9BamlmFw==,30/05/2023 2:33,CA-00001261,Boil water advisory for North Bruce Rural - Plant repairs,Boil Water,North Bruce Rural,29/07/2022 16:03,30/07/2022 16:00,Inactive,FALSE
87234317-194d-ee11-be6f-002248933ae4,km3gpYDhkKj1PLeDfTDJ46IeDCcpEZhkgToauyt95Frif9rZbs/5z13KVfG+q1elxUOXahhE/mJh4KalZsCdzQ==,5/2/24 01:17,CA-00001407,Boil Water Advisory | Nuhaka School,Boil Water,Nuhaka School,24/07/2023 8:00,30/09/2023 8:00,Inactive,FALSE
9d767a91-16d4-ee11-904d-002248933479,aexiB2E1BIaOa4QPkZDxiUQwDIPKiMc77df7iC6Qj0XCaDVs24g5fZbRMfMlBGP3Cx4+Z8GMm2Yp8tF96YCQ2g==,26/02/2024 19:26,CA-00001539,Boil Water Advisory | Ohinewai School,Boil Water,Ohinewai School,12/2/24 08:00,19/02/2024 8:00,Inactive,FALSE
f434e7f0-cd3f-ee11-bdf3-000d3acb5a90,Nn3aE/bWwrDEcvCSNGlpCzbEZlLxLqIB14LuCtquQVueS5I7zS7fDGfhBrTaiRfTPNzbwY3UWahznbOpgZeDVg==,21/08/2023 2:53,CA-00001399,Do not Drink Advisory | Ohinewai School,Do Not Drink,Ohinewai School,9/8/23 08:00,21/08/2023 8:00,Inactive,FALSE
3ef5345c-b5f8-ec11-82e7-002248934c07,SE2OR6qLPTZxiZmLD2vw1909vIcJe1+tI4sOQmJLOWYESrahPMpy/nMlhX4boPMTVzrz18Ou4P8Rk9P9hJNuOg==,8/12/22 02:38,CA-00001143,Boil Water advisory Ohiwa Opotiki,Boil Water,Ohiwa,6/4/22 08:00,9/4/22 08:00,Inactive,FALSE
0d58d8ec-60fe-ed11-8f6d-002248930713,tXPWutCeCPwKvCoJmBWe7M/QVlEKzdrhP6iM/h/VQCMEz7E6C2n5xLreSnBnK3k5jOg6Nxm3hrkgM0cLVw2Fkg==,9/1/24 22:17,CA-00001365,Boil water advisory | Ohuka School,Boil Water,Ohuka School,17/05/2023 8:00,6/6/23 08:00,Inactive,FALSE
0bc025e3-d27f-ed11-81ac-000d3acb5a90,Geic43+wCMmhysrdeJXx+NDjh+XGaioWzgoT5uajDPzN6UlAydKZuSF4wnu+bStC9EszBo8vB8GyBq3QeNJBxQ==,22/12/2022 20:30,CA-00001282,Boil Water Advisory Omori/Kuratau/Pukawa Taupo District Council,Boil Water,Omori/Kuratau/Pukawa,19/12/2022 10:00,22/12/2022 14:51,Inactive,FALSE
77907e45-7ffb-ee11-9f89-6045bdc2683a,3SPr6QMuFuop9gW/PMS3osnY259IlzBI7Oj23OjgY7XXxg41vsi5mUlbzgFH9XWqidqZyB/sm0NW8pN5rJUkQg==,15/04/2024 23:24,CA-00001566,Do Not Drink | Opiki School,Do Not Drink,Opiki School,28/02/2024 8:00,,Active,FALSE
5a9cfdbd-18c9-ed11-b596-002248930713,sv6U30Uy6a8KtNeyBtZLnlpw+ByOppDLgA6PYtf8d9KBB60khEYj/5CUR1lFA1Ae+t13ff2As8ryFzdaQsU0LA==,4/5/23 21:59,CA-00001337,Do not Drink | Ormond School (Gisborne),Do Not Drink,Ormond School,3/3/23 08:00,20/03/2023 8:00,Inactive,FALSE
c7dccb2f-09f1-ec11-bb3d-002248934c07,P2zluVhfQBzV8xfCmvq/CX7HIA5MsbAVwBH0/t73ntDNp2wsWHuJbgH0T1Wu5hObfD90W454iOzmGlcH00GL5g==,8/12/22 01:55,CA-00001099,Boil water advisory Otama,Boil Water,Otama,9/12/21 11:00,14/12/2021 9:00,Inactive,FALSE
26749cd3-9d2d-ed11-9db1-002248933f86,2ItmrwQzzSRljrSQ679ew6VLm/zrIp1NmUuO5jIC8Kc23N+sGnxoYV8Fp8Bn0DmwMbuKjqj5+oBu3mLT7Y9a1w==,8/12/22 03:07,CA-00001221,Boil water advisory Otamarakau School Aug 22,Do Not Drink,Otamarakau School,17/08/2022 8:00,22/08/2022 8:00,Inactive,FALSE
112e4fb4-d0a8-ed11-aad1-002248930713,HVQNvqtzOtsOb7LJ0ZYEnavft8JQMIqgjcal0OKl9tx0jrq11Bs4gGRGUbyy9UCuDnLC3p5y38PQfBjh71BZ1A==,28/01/2024 22:04,CA-00001303,Boil Water Advisory I Otamure Bay (Whananaki) Campsite,Boil Water,Otamure Whananaki,4/1/23 21:00,1/3/23 08:00,Inactive,FALSE
1e26f1ac-07c9-ed11-b596-002248930713,c95Hh0eanmZP2CF1l9CJ8nLiaczV8k5eVz1/BP/D2/g7H+bEDV8W8mIfacWz+IKo2iuauZ8X1cBI/k4HSBRk7Q==,16/05/2023 2:27,CA-00001335,Boil Water Advisory | Otaua Primary School (Auckland),Boil Water,Otaua School,3/3/23 08:00,17/03/2023 8:00,Inactive,FALSE
5bb8027e-2eb3-ee11-a568-002248930713,UNQ5So2Sh1BXAP+kLqGqARCJpNF4bKGWAr6T7SoFRhrHVgx5srJ5rLU1BUB57GnBhIF0kxyYGbCFXAmz29S96Q==,24/01/2024 0:58,CA-00001515,Boil water Otematata,Boil Water,Otematata,14/01/2024 4:30,18/01/2024 13:30,Inactive,FALSE
8d8373dc-0beb-ee11-a1fd-000d3a6a1138,z6ygfbnSD/sfOH9gTZcK/pYVHKnYiMFHNIMpQb+ttz2P8P6uIumNwGWts2VMMZSA2RPru11UW5j7ZfA/ejHMwQ==,26/03/2024 0:57,CA-00001556,Do not Use Otewa School,Do Not Use,Otewa School,11/3/24 08:00,25/03/2024 8:00,Inactive,FALSE
04ec094a-9b4a-ed11-bba2-002248933ae4,cz1VB8m2YQDwfwXXVfFZJZEY2eyzrtRTzHTka0G7MXfW19PmMH+RhNHecnghQijxydriFD6+iJbg1Vdzr9j+Pg==,5/12/22 01:19,CA-00001248,Do Not Drink - E.coli - Oturu School,Do Not Drink,Oturu School,8/9/22 08:00,23/09/2022 8:00,Inactive,FALSE
2e1f2821-1cbe-ee11-9079-002248933ae4,vx/wcM8C4QOkU4EWm2Wjozc5D7pDZZ+k7RN0KUYDyRCMqJN9gh2wIJ2nFSc9e97a0nOiz2QQtiwMGL7XItzZ1A==,22/03/2024 1:35,CA-00001519,Boil Water Notice | Owhango Supply,Boil Water,Owhango,29/01/2024 7:00,5/2/24 08:00,Inactive,FALSE
45236f1a-8f8a-ee11-be36-002248930713,G6zuNvXOlAMnMrXEYRERbWb1plfGu/Ey6Xx/OEyiZuQZsGdglBOny7SKWYSNKF11ZrpPgH5dnzzpJggAgxjY1Q==,29/11/2023 20:26,CA-00001490,,Boil Water,Owhango,24/11/2023 18:00,29/11/2023 16:00,Inactive,FALSE
340eb420-b4f5-ec11-82e7-002248934c07,IBBDzxzBTnhiP2RYuV4Z5KuKYi2QzE2hLOOPlWNNKa54TYC0Xa5hU0HrEAgrd0SbhSv+oUnaYYi+gS/K16ATbA==,8/12/22 02:36,CA-00001138,Boil Water advisory Owhango May 2022,Boil Water,Owhango,20/05/2022 7:30,29/06/2022 11:00,Inactive,FALSE
9291b5bc-203a-ee11-bdf4-002248933ae4,7xuKGLzVGMaiK5CqD/h3l/CiwuWZDh8nF5HkDEsKDoS5F2S1UwwAWK/gsgfb+UpV8obOVLLglVesaGrPxPkRlw==,11/3/24 23:18,CA-00001397,Boil Water Advisory | Oxford Rural (McPhedrons Bore),Boil Water,Oxford Rural No.1,10/8/23 20:00,4/10/23 08:00,Inactive,FALSE
2e3193c1-2900-ee11-8f6d-000d3acb5a90,AyCmnxVMRL1AA2HmVBhpsy1XtH+ZEeXWUQtbm/+dcETHhxC/pRBU6l34VTkca8ROFQ1suinQ4rnp4o57Wm4lXA==,13/06/2023 3:05,CA-00001369,Oxford Rural (Waimakariri DC) | Boil Water Advisory,Boil Water,Oxford Rural No.1,2/6/23 05:00,13/06/2023 20:00,Inactive,FALSE
5ac73aae-de97-ee11-be37-002248933ae4,eEQaUFu1602/9Knd4YLiVbusDwHqDsK91LkXnKci2Co11+iaEzPg5905mwkHOcg2a/hETOiYRiqmR05ZUoS0Vw==,8/3/24 02:47,CA-00001501,Boil Water Advisory | Oxford Urban - Rural No. 2,Boil Water,Oxford Urban - Rural No. 2,23/11/2023 8:00,8/12/23 08:00,Inactive,FALSE
c6ba8a1d-9bcf-ee11-9079-002248930713,DfJJRHeq9INVXIsdXBGmblpNd5JXTlgutrTyf+vnSf6dzHJijNoW62DXWNJZ14EC2v0RYgV9QwsriRGlAqgvDA==,28/02/2024 20:27,CA-00001534,Do Not Drink Advisory | Paparimu School,Do Not Drink,Paparimu School,13/02/2024 8:00,26/02/2024 8:00,Inactive,FALSE
1dc8240e-f350-ed11-bba3-002248933ae4,ulnMOdS+nDU5mvzziogs00G+M077Sp4Lf00lVkMiUUIFsvj4uQp6Fy932MgjkHpy2DPKDU6caDo3Bp4tORug1g==,19/12/2022 0:26,CA-00001254,Do not drink advisory Paparimu Primary School,Do Not Drink,Paparimu School,20/10/2022 8:00,27/10/2022 8:00,Inactive,FALSE
2ac1175c-3b0d-ed11-b83d-00224811d0ee,ukBMnjXnPN/DA9B3eTHZV7drPAT6ziNRqFgKAOdah8IiLgkbmlvruleJf4OS1jYCv5OJEEFjoi/gfe5qf0MPdA==,5/12/22 01:56,CA-00001175,Do not drink advice issued for Paparimu Primary School,Do Not Drink,Paparimu School,27/07/2022 8:00,2/8/22 08:00,Inactive,FALSE
021d8953-79f2-ec11-bb3d-002248934a11,dnlzmPtImXVjmPnCr/AkDNFDlhoTFs7S977vIXA8o2JAkKlzDu7PjoBRcCUIUosZ99VgMY4Ca/NWWEsZ29Ks3Q==,5/12/22 01:53,CA-00001132,Do Not Drink advice and notices to staff and pupils of Paparimu Primary School,Do Not Drink,Paparimu School,26/11/2021 8:00,1/12/21 08:00,Inactive,FALSE
9f2b014f-c549-ed11-bba2-002248933ae4,WguMm4jtzvYjbZ30rYFzNB9X8dUO1BTleJ7kg7ZBOfFxqmtF0R0n1cqo7cvTMvpM55XmjCdpNdqVVtYOZ9vEiQ==,27/06/2023 0:45,CA-00001243,Boil water advisory Paparore School - E.coli,Boil Water,Paparore School,13/04/2022 8:00,13/05/2022 8:00,Inactive,FALSE
2a4f6a90-a649-ed11-bba2-002248933ae4,Nh9nVGlxz7IIFaLLiGCyiOLBq/nG5BXachQNRDlIZwQFJzIMdxeerJHO7Cae9c3mvJ2LAxYdm2fcHZbG93Y+EA==,5/12/22 00:46,CA-00001237,Do Not Drink - Paparore School,Do Not Drink,Paparore School,10/2/22 08:00,22/03/2022 8:00,Inactive,FALSE
90c64353-2008-ef11-9f89-00224894414a,TbHaN+nXSFkVbnoxV/HbzoSjaAGUTU7avJalHr0g2S68LzDt1cqcDkpn8Xlb6Z9MjTTQXP7iM9NZwSU/d98C5A==,2/5/24 01:07,CA-00001573,Boil Water Notice for,Boil Water,Para Para,14/04/2024 8:00,,Active,FALSE
1af6c4f1-d0dc-ed11-a7c6-000d3acb5a90,ityUEjjoQTsWax/OJ/NvGBJyYS7B5LSZ8ItmzujvSRGeqnozxojTWBylVr++1v1UYn0ClrYtSbUscYTMU7ePow==,21/04/2023 2:59,CA-00001347,Boil Water Advisory for Pateora,Boil Water,Patearoa,13/04/2023 14:53,20/04/2023 13:13,Inactive,FALSE
1ee684bb-f2e1-ec11-bb3e-002248934c07,hDr1v3Mzd2EczTXa2oqe3yKL6zCZvX0NtkZMeATqjZ9mSLF9fjQRxxCYCIPoNPiTFSZB0Az/upXaiA9vRSa6cw==,8/12/22 01:34,CA-00001083,Boil water advisory Peaks Supply,Boil Water,Peaks Rural Water Supply,2/6/22 08:00,21/06/2022 12:00,Inactive,FALSE
88ab2c19-3982-ed11-81ac-002248930713,HCELkO2xbK4a+1l36lBS+g265JHCZ9+AXGDtEms7kwlR3qrdrOx+EbYMw82hRKQ3HYMHYKeB2zVLbdqo0EC7og==,26/06/2023 23:16,CA-00001286,Temporary Chlorination of Supply | Pegasus Woodend (Waimakariri DC),Boil Water,Pegasus - Woodend,23/12/2022 21:00,17/01/2023 21:00,Inactive,FALSE
749f5af1-144d-ee11-be6f-000d3acb5a90,G5h6rrm+J1o8MoCxVQB8keohg8wuj5GSs10ckcJ+VB45FAs54qAHMLAPQgLBNJXE3r1laY8qVJCugUE11QV2vg==,13/09/2023 4:22,CA-00001406,Boil Water Advisory | Peria School,Do Not Drink,Peria School,7/8/23 08:00,14/08/2023 8:00,Inactive,FALSE
15b20b10-ad49-ed11-bba2-002248933ae4,VolkbJOIjOO46jIYBCvYArW4n4nMQWR1DCV+oTGmYvbwjUkttfYTaBF8ldNapps0gt6Fg8qqAx3GeM5BDWb6QQ==,5/12/22 01:01,CA-00001240,Do Not Drink - E. coli (unused tap) - Peria School,Do Not Drink,Peria School,3/3/22 08:00,22/03/2022 8:00,Inactive,FALSE
f16ed91d-d93e-ed11-bba2-002248933ae4,8zRHB6UiPP679zE7UQ9g0+N9yOoD/vBJ4ohGUA1Ky8/gIi0VLMUP72fagiU7MpRzw/scp2lABvy9xDo1HKbMFg==,5/12/22 02:06,CA-00001230,Do Not Drink Non potable signage erected at Piha Domain Campground,Do Not Drink,Piha Domain Campground,26/01/2022 8:00,29/01/2022 8:00,Inactive,FALSE
623d6f2e-68b1-ed11-83ff-000d3acb5a90,72CLqEBF4FmcJOS/JFUw9z12Tg00QEl1B6/qatBVIgkGI0upHQd0s3S85dx14kigk1gWBFOApq/XXE97AFjdtg==,27/02/2023 1:34,CA-00001313,Boil Water Notice - Cyclone Gabrielle,Boil Water,Pongaroa,16/02/2023 15:00,25/02/2023 16:30,Inactive,FALSE
d346e7ec-3b40-ed11-bba2-002248933f86,2vtyPh4/HOfJqdsUbKHbh/dTT8CUs5a9jiGzpRhJthBoPO0Z+wnS6TLjK1rnW3mrmjm/5RmVFY0yN4eCSrdKjQ==,27/06/2023 0:45,CA-00001231,Boil water advisory | Pongaroa Supply,Boil Water,Pongaroa,27/09/2022 20:30,29/09/2022 21:00,Inactive,FALSE
960a686f-b3f5-ec11-82e7-002248934c07,IA8/TgGfjVKgMhlNDX+XxMaphoiLWZRhmHNSKTxuTRa2BkvZ5vjC5UB8PX7TUaB+szDH+sL+fLzOUiT3iS+pnA==,8/12/22 02:35,CA-00001137,Boil water advisory Pongaroa,Boil Water,Pongaroa,17/06/2022 17:00,4/7/22 08:00,Inactive,FALSE
2374c378-bc84-ee11-8179-002248930713,LzVHW33LOKek2JuWCeUP/A057C+Vq2gqYoUAoOnZ9fdKjlDBjpyphmWUR+/2cG9p906NOe8Hv0Kh9NWR9Z6qxQ==,8/3/24 02:48,CA-00001483,Do Not Drink Advisory- Pouto School,Do Not Drink,Pouto School,15/11/2023 21:00,8/12/23 08:00,Inactive,FALSE
47ac566b-e163-ee11-8df0-002248933ae4,J+fMcbH3cBiXrk5uaoH1gnrnd1zI4AykkM3c6BCJxgzSM3eAxXEutwycoBNyL65PBeSdbAzlWR7mP1c/LDLrpA==,17/03/2024 20:30,CA-00001421,Boil water notice for Pukehangi Parklands Estate Rotorua (unregistered),Boil Water,Pukehangi Parklands Estate,6/10/23 05:30,17/10/2023 21:00,Inactive,FALSE
fda1313a-12b3-ed11-83ff-002248930713,laVkvT65ByS/bUGyvS55XbrIye0V6iCK1Q4SaNA2N5faYTsS8K4JQSnaghKSPxYL2ukr7p27eJWvGNA3oTGA8w==,3/3/23 20:23,CA-00001318,Boil Water,Boil Water,Punakaiki,23/02/2023 21:00,2/3/23 21:00,Inactive,FALSE
04f7c0ad-305e-ed11-9562-002248933f86,yA8FUf+vM0FKwGP+bOvKIrGWSVU6KhGnb2ah85i7ywXMbSOlz2qoTC18MLNK2lXH/NvdNU5W7wl6189ijsSOsg==,22/03/2024 1:33,CA-00001257,Long term boil water advisory Punakaiki Township (Buller DC) - General Turbidity,Boil Water,Punakaiki,5/11/22 21:00,15/11/2022 21:00,Inactive,FALSE
4a7d50b6-8329-ed11-9db1-00224811d0ee,tBmBKniLoRo6TXSGRP16YjIbSL+khx16aS47rspZ/lR2+JFjnuzVSNMayoFdigQL41I7HMkeHEd9X6JX6RQOqA==,13/06/2023 0:17,CA-00001219,Boil water advisory Punakaiki Township (Buller DC),Boil Water,Punakaiki,1/9/22 11:00,9/9/22 10:30,Inactive,FALSE
5fb1f001-697f-ee11-8179-002248933ae4,UBtUAONeXhZPLfpkW7St5QSS+ahu+de+WWh99xaQQ/KRiDsjFMkI10btdUis+Sb4UpWfp3xw1o81p0uD2YG+Kg==,8/3/24 02:48,CA-00001477,Boil Water Advisory | Putere School,Boil Water,Putere School,10/11/23 21:00,5/12/23 08:00,Inactive,FALSE
bf4ff8fb-5eb2-ed11-83ff-002248930713,4/llvpLE9jKis0k5VA54hNGL0weqnad1JN9mgthANjLBNudRSlcfxwZxeZfWOCowWBz/b+sPEQOzDxQKjeJTww==,22/02/2023 3:14,CA-00001317,Boil water advisory for Ranfurly,Boil Water,Ranfurly,7/2/23 15:18,16/02/2023 9:00,Inactive,FALSE
44bbd298-e0ed-ed11-8848-000d3acb5a90,Z6i0c35ro2j6IO1tyFfHW3kDOy43ldQi26/IwqcOOlhjFZ7/pbT2XzLZOUpl/BoN8rjMyph3ACKa3waFNOZECQ==,17/05/2023 1:11,CA-00001356,Boil Water Notice Redwood Valley 1,Boil Water,Redwood Valley 1,6/5/23 20:00,16/05/2023 20:00,Inactive,FALSE
a8ffc6e4-ba21-ed11-9db1-00224811d0ee,PXTNf5mIRtFdXxgRDcG4Y/SL2SwSpcX6U6S+pN4emoZI6ZvvltRbdnXIPqL054t0giTEr96m8NYFaw/1sLtyYQ==,8/12/22 03:13,CA-00001206,Boil water advisory Redwood Valley 1 (Tasman DC),Boil Water,Redwood Valley 1,20/08/2022 12:00,23/08/2022 17:11,Inactive,FALSE
58057f2a-bb21-ed11-9db1-00224811d0ee,puR4xK6Hg+2QQ8NgD8RNBTN9E36rhZjgvdaY9cYBS5ovonntbHPQ+gsJU+x1QZZTgpiK7zJGgtI721fJHCeGfA==,8/12/22 03:14,CA-00001207,Boil water advisory Redwood Valley 2 (Tasman DC),Boil Water,Redwood Valley 2,20/08/2022 12:00,23/08/2022 17:11,Inactive,FALSE
543e54b6-7efb-ed11-8f6e-002248930713,71yO3yyzjnnMA5Ii6resFaTf7SljsRIWapD/GCMVTBm94Wtodr/qjA4PJhIRQzG8wAtc7giwNVz0ygcyEjZMXg==,31/05/2023 1:19,CA-00001362,Boil Water for Remarkables Ski Area,Boil Water,Remarkables Ski Area,26/05/2023 8:00,29/05/2023 8:00,Inactive,FALSE
15370875-5a6f-ed11-81ab-000d3acb5a90,6yi3RjFEIcEvevVjZsCMATX3IV5MruZaMhXYyoG83q49Jcl+VXVtG4+JaSgkPkeeuyBflkZbGg/t+u757D1O6A==,7/2/24 01:18,CA-00001271,Boil water advisory for Richardson South water scheme consumers and Kaka Point residents,Boil Water,Richardson Rural,23/11/2022 18:20,14/12/2022 17:16,Inactive,FALSE
570984c7-e81d-ed11-b83d-00224811ddc5,iQgLOioWk7Fo9K8fy2JHxCR7F9vi6HFtRzIt23n/LBBv7WRSE5tC/ZsgTdfmKOJIuokvLqc57pBUnnzY+I/sww==,8/12/22 03:08,CA-00001201,Boil water advisory Richardson Rural and Kaka point,Boil Water,Richardson Rural,1/2/22 03:09,11/2/22 09:00,Inactive,FALSE
91bf77ce-cbe7-ee11-904d-002248933479,Xxo+UTec8riKKP1Fy+6LyRFb6uS+0mQf3HopkkHmcD7nBmrzE32Q34x4Q2lt16+0HBKgGwPoTaj2lJJd4HLaMQ==,21/03/2024 21:41,CA-00001554,Boil Water for Woodbourne,Boil Water,RNZAF Base Woodbourne,2/3/24 08:00,5/3/24 08:00,Inactive,FALSE
13e80d32-3ad7-ee11-904c-000d3a6a1138,+R07QSTsiI3gi1Ap/SQEMO9+0RIPYAXqpwOUb5nzhVm7RkH8cCPP1cRcPkhFys0bQbk4e+rTlYNXNf2Zmn7e2A==,4/3/24 02:55,CA-00001542,Boil Water | RNZAF Base Woodbourne,Boil Water,RNZAF Base Woodbourne,26/02/2024 18:00,28/02/2024 9:00,Inactive,FALSE
34054a9d-1d25-ee11-9965-002248930713,mgJnz4YoeaKXhc/4lxI3paEbPacsFYD0lHlp/gBIYh+qtLQF4xW/lsHsYZ0XwvOXsNG4QDDgrTMBx1q4CCpHbw==,15/01/2024 20:27,CA-00001388,bwn | Ruakituri School,Boil Water,Ruakituri School,17/07/2023 8:00,30/07/2023 8:00,Inactive,FALSE
c6237c5a-9bd2-ed11-a7c7-002248930713,6TCX6Z4P4NOKF4FNH0BQDhHsdDzYFzDwI1WZlJS/CaGpcKFfTyppHo+owSy1S7j7f8MmoigsAwzyPLCLtRI0Bw==,30/04/2023 20:29,CA-00001340,Boil Water Advisory | <Redacted>and <Redacted>,Boil Water,<Redacted>,4/4/23 08:00,28/04/2023 8:00,Inactive,TRUE
99854850-defb-ec11-82e6-002248934c07,T5YWEg5Qe4z4l+NqM4VM8SapnhA2XHqyUHLdRiW3/qcbt18KZQdbmE1nFJwIqxRThgz19HfJPdgkrfba+cmdzQ==,8/12/22 02:40,CA-00001147,Boil water advisory <Redacted> June 2022,Boil Water,<Redacted>,10/6/22 08:00,16/06/2022 8:00,Inactive,TRUE
9cfe9592-f3e9-ed11-8848-002248930713,LuxBK+t+7ldGDtfOKemvmbtlEzOwGadIn4ygsYqkPoG2XFcr/WwPK+BGIO64jqNau+8hYWGO3D4dNcKbwpJaWA==,15/05/2023 21:59,CA-00001351,Boil Water Notice for R_atoki,Boil Water,Ruatoki,3/5/23 08:00,9/5/23 08:00,Inactive,FALSE
b466e6f3-4c2b-ee11-9965-000d3acb5a90,4Y11TxnJX6G6vHp1Cttx542Oz5scprMw5d68MHGAn7UQwDi4dw+UMvOugVsehZDRN6FlAuQCyG94d821kIIK+A==,18/08/2023 3:04,CA-00001393,Seadown - Boil water notice,Boil Water,Seadown,26/07/2023 20:00,12/8/23 00:00,Inactive,FALSE
fd932cf3-72f2-ec11-bb3d-002248934a11,hZZWWh8vNO8/vDioa77vqeaSjnwGDxqAlnu3gZ/diTGyhngdGezAypdncTfZ4EwtiiLoJz3lqq+7kIy2Dnljag==,5/12/22 01:49,CA-00001129,Do Not Drink advisory given to Shakespeare Regional Lodge guests,Do Not Drink,Shakespear Regional Park,22/12/2021 8:00,26/12/2021 8:00,Inactive,FALSE
5ff2665a-0603-ed11-82e6-002248934a11,nl/jRtQ+g+mAAAO5oW9B9QKK18h0jYaM5tf3uUQKdrYY9JgZ/o/Us9/9kWoWBG85XodGENhm+zoMOwiIFYPhZw==,8/12/22 02:44,CA-00001153,Boil water advisory Springfield (Selwyn DC),Boil Water,Springfield,13/07/2022 17:40,18/07/2022 10:40,Inactive,FALSE
283dbfe2-d229-ee11-9965-000d3acb5a90,YbhdYL9FhAQyi9H8Prbj30BdKmwy4id34mxkuO8u07evNDsB1RwmcjQlV9EowfkispnK8Zzcggbg9gc2qV0Dmw==,20/08/2023 21:40,CA-00001392,Boilwater - St Andrews supply,Boil Water,St Andrews,24/07/2023 20:00,31/07/2023 21:30,Inactive,FALSE
cff18997-aaf1-ec11-bb3d-002248934a11,4xcXCHd6p+guOVlo2HhcA3OX+87VrikmxJl4tQwHbHuJ4bSm3e/pXLePRs9Pi4V1aUu/rsAmv+Uyl1ma+8I0VQ==,8/12/22 02:23,CA-00001119,"Boil water advisory Te Moana, St Andrews/Springbok & Downlands - Precautionary",Boil Water,St Andrews,20/12/2021 9:00,10/1/22 09:00,Inactive,FALSE
5eb53609-7ad7-ee11-904c-000d3a6a1138,2/2QfamfKHP5rd6hZo7tROHN0WSghdVcx6cIS6rQAD95n3vGeS/F3cm5S7Em1HLSv/bzCaKTT5ebjXjKg8V0bg==,4/3/24 20:01,CA-00001545,Boil Water Advisory | Strath Clyde Water,Boil Water,Strath Clyde Water Limited,1/3/24 11:16,,Inactive,FALSE
520d571e-c5ed-ec11-bb3d-002248934a11,E8FbvaHjerItlKUQDW33bHKktGLDVLzNsRDpRz8rOgY5sDf7LESsVcggt1He3bdTk5tvTV29Xh2bHRs4eJXErA==,8/12/22 01:47,CA-00001090,Boil water advisory Taitua Arboretum Hamilton City Council,Boil Water,Taitua Arboretum,30/05/2022 17:30,6/7/22 12:45,Inactive,FALSE
c1f28d49-c2f2-ed11-8849-002248930713,vscfOnKsl0fxwpFGFInCK+Ezb+Us86n1IkMF2ezzjOzHSXqviWjcixW3QgcpDvZ+4xWXb0SRTtMzYjdHf3srtg==,18/05/2023 3:58,CA-00001357,Boil Water Advisory | Tapawera (Tasman DC),Boil Water,Tapawera,10/5/23 20:00,18/05/2023 20:00,Inactive,FALSE
acda3d8a-7e89-ee11-be36-002248930713,ZH0mrkMV1dtxVFXEd56fU7H/RLJJTrzmwK9R/OP7fiLXDbBSULNEwNNTJ9QKCxzkx4MsyRL5jCupE/Bdx9QNzQ==,5/2/24 01:14,CA-00001488,Do No Use Advisory | Tauhoa School,Do Not Use,Tauhoa School,21/11/2023 8:00,7/12/23 08:00,Inactive,FALSE
0b4cbf71-1fea-ee11-a1fe-002248933479,SMN+UlmG6q0mmfUVpxYINU+uIdFGb6ZISAu2/bQdH35pVf17VX4Q++04Qpl4nTIzFBkM9JEhH5FDRSW5G/eo5w==,24/03/2024 22:17,CA-00001555,Boil Water I Taupo - Lake Terrace,Boil Water,Taupo - Lake Terrace,20/03/2024 8:00,22/03/2024 8:00,Inactive,FALSE
6adf9357-0601-ef11-9f89-00224894414a,yxv3vkTsGie55W7smUW71a28jjLecyazYXOypxBgsJIrJ2TkIYhP/VWqpa+JiuagNDbKxGPPjUGzp0uZLpbCPQ==,23/04/2024 0:13,CA-00001569,Do Not Drink | Tautoro School,Do Not Drink,Tautoro School,15/03/2024 8:00,,Active,FALSE
97d049a9-ab49-ed11-bba2-002248933ae4,JrshipzebsxntPNKtMVqMFhtqOXqXGFxnNXIXrQuUuJ3ePKmXFETGW2wagLJtOtR9lHLRgZLo0TslbH8KYGwYw==,5/12/22 01:02,CA-00001239,Do Not Drink - Tautoro School - E. coli,Do Not Drink,Tautoro School,16/02/2022 8:00,24/02/2022 8:00,Inactive,FALSE
7b7d4b2c-fdf1-ee11-904c-002248933479,ojOe4dTeqHJCfLBUKnkH1rVRqXiKSvfulKG8AI4R1k9bdfPCrw2pQUmn6kSgGF27pYVyk9olIL9d7HwnVBzKFA==,16/04/2024 19:27,CA-00001559,Do Not Drink I Te Aroha (few properties),Do Not Drink,Te Aroha,22/03/2024 8:00,16/04/2024 17:00,Inactive,FALSE
784ca54e-0788-ee11-be36-002248933ae4,8OTJvX58yn4g4J5N0HU5jQm8DRadlnoKSYgLBu91SIwGrAj2FlAEc9+SHZGcNMLwf0y0mrwbLrwNOr/6YBnmag==,21/11/2023 3:07,CA-00001486,Boil Water for Te Aroha Supply,Boil Water,Te Aroha,21/11/2023 14:00,21/11/2023 14:00,Inactive,FALSE
0b6453cf-33f7-ec11-82e7-002248934a11,j4dOB3gKXJYzIInuj0JijEIW7YKJnhaOk8z7Sh5NB+82UkV3vBC4sDh3c0a6W0h6IEorczD05XyvG8rPwIEiYA==,8/12/22 02:37,CA-00001141,Boil water advisory Te Hihi Primary School,Boil Water,Te Hihi School,29/06/2022 9:00,1/7/22 12:00,Inactive,FALSE
4198d99e-a55c-ee11-8def-000d3acb5a90,AKv/GXreEZuly7fVZbwbdqHfJp5IKIOH6UZgyK/ZshmCwqzMtM1prKN2Jn1xMX0DAiyr03LOFNhdHgQs494I7A==,24/10/2023 2:18,CA-00001412,Boil Water Advisory | Te Kaha - Opotiki DC,Boil Water,Te Kaha,26/09/2023 13:03,2/10/23 08:00,Inactive,FALSE
46e8687c-5ed0-ee11-9079-000d3acb5a90,T2mgCr5/cZ03gjCgSTjK0AMmLjgLNPas1zj+3kk/IoNje2pUOkTilFmyH9ekyG2NwhAGiEk4ZnF4LdjhNNKVZQ==,3/4/24 21:29,CA-00001536,Do not drink l Te Kura Kaupapa o te Waiu Ngati Porou,Do Not Drink,Te Kura Kaupapa Maori o Te Waiu o Ngati Porou,20/02/2024 8:30,,Active,FALSE
ac9b0932-5cd0-ee11-9079-000d3acb5a90,CWAER+9fDkS1UlFN4avla4fyqjSsF0Mxrj66FsRZz6thXp1o9DtbUq/DotTb8EG4q/WVnidwcZjquS4bRScHhA==,22/04/2024 3:56,CA-00001535,Do not drink l te Kura O Ngaati Hauaa l E. coli,Do Not Drink,Te Kura O Ngaati Hauaa,15/02/2024 8:30,1/3/24 08:00,Inactive,FALSE
b8ed76ba-237c-ee11-8179-002248930713,iybiy6qJBMh7abRbYueVgR9wLxYjUkM5U16NbRjcdi+5Gosfu6cm6/vglUEz5QuUbzpIrCZdqph8mxPvHRStzA==,30/01/2024 4:33,CA-00001471,"Boil Water Advisory | Te Kura o Te Kao (Northland, MoE)",Boil Water,Te Kura o Te Kao,3/11/23 09:30,10/11/23 08:00,Inactive,FALSE
3a99db8c-7295-ee11-be37-000d3acb5a90,j4c24CwnFodEMzcITmdbOzgdO3ctyp/C+PDuXyp4rhiQv+OK11KnitStJ6Ksujs5n7LW1FwzZnaQOF6VnH30Ag==,1/2/24 22:30,CA-00001497,Do Not Drink Advisory | <Redacted>,Do Not Drink,<Redacted>,8/12/23 08:00,29/01/2024 8:00,Inactive,TRUE
a25fd86d-534b-ed11-bba2-002248933f86,O3F+q5FxA6/cGwbxODgy8oTsAFab7kwsXKa/vmE2l45zBSmpTFuAGTkBdG0aunx+NOS+BQVnCggqhGvANl9B1w==,5/12/22 01:41,CA-00001251,Boil Water Notice - <Redacted>- 400+ E. coli,Boil Water,<Redacted>,8/7/22 08:00,27/07/2022 8:00,Inactive,TRUE
1b061bef-6be1-ee11-904c-000d3a6a1138,En3zBrqOlx8qsVzMLyY8xuAqVVEmfv6hUOhlWzYVWrhjWecPrlEljqezLUN4OUnt/xajPtG1tknCIWLr1C+Qhw==,14/03/2024 1:54,CA-00001550,Boil Water Advisory - <Redacted>,Boil Water,<Redacted>,8/3/24 08:00,14/03/2024 15:00,Inactive,TRUE
0eefe34b-1af1-ec11-bb3d-002248934c07,2RCZJdB7WkGIbpZSvrUBTBhdZGLmZiGaYMEXMryXsOKKZ3MYkCwfDBkxBbS+Ck454Fq9i0vgFGAiyl6DkWPUPw==,8/12/22 01:58,CA-00001106,Boil water advisory <Redacted>E Coli detected,Boil Water,<Redacted>,21/12/2021 8:00,22/12/2021 8:00,Inactive,TRUE
42e8009a-524b-ed11-bba2-002248933f86,6B+LsXSWDjdo/Wp9jK7d1uknhs1gAFoPBMAfw0cuguW6kVudJdGHBecg6gJBYU/AUa7XTzXKeeWAJL3LE3CuWw==,5/12/22 01:40,CA-00001250,Do Not Drink - <Redacted> - E. coli,Do Not Drink,<Redacted>,13/05/2022 8:00,20/05/2022 8:00,Inactive,TRUE
346fbbf3-2711-ed11-b83d-00224811d0ee,ae97D1tF1r+bkPO7VTRG5xUY1M8m79FCOO7niAW9A4nre9IPquNdkCEcW/Enb/aSKhg/+dfHYt6/wy4uS0OqBA==,8/12/22 03:00,CA-00001182,Boil Water advisory Tihiroa - Otorahanga District Council,Boil Water,Tihiroa,29/07/2022 8:00,3/8/22 08:00,Inactive,FALSE
b628ad40-9a7e-ee11-8179-000d3acb5a90,+TW1bN0xegmKseKiVSeBivXx9lXVwMDEtqg6qFiTAXv75CQ3y4hmN5W1Mt1IKKhmrKraa5vSKJKMt6XfFOCk/g==,8/3/24 02:48,CA-00001475,Boil Water Advisory | Tikitiki School,Boil Water,Tikitiki School,9/11/23 21:00,11/12/23 08:00,Inactive,FALSE
d00ebed8-b5f1-ec11-bb3d-002248934a11,y3Ji5HhL5FWuIhLFGwYIsXDFipSapGqynvsvGO2uonC5EVpJ2Xr03dkIeVzkRVpXkj2jfzL4/Z3kygM6Dq4NrA==,8/12/22 02:26,CA-00001123,Do not drink advisory Tiniroto School,Do Not Drink,Tiniroto School,11/2/22 08:00,20/02/2022 8:00,Inactive,FALSE
5c9d9140-36e8-ec11-bb3d-002248934a11,3ZIeTwNT0yapkC0MY/agWAqjZTrRlCWRP+vivq8g1QrSsbHw8OCJ7QVroW6je0JFG4dk7t7YVY423zMd9gBpVQ==,8/12/22 01:37,CA-00001087,Boil water advisory Huiarau Primary School,Boil Water,TKKM o Huiarau,10/6/22 14:30,16/06/2022 8:00,Inactive,FALSE
4fb05fed-07f1-ec11-bb3d-002248934c07,b04nK/OEisI1pGLwrImpVdhuaDFYQ+rCxGxTb4nTNPdaG4OXtES9W+s5CETtlU4JBtb28jbX4nKmX1NyDB3mFg==,8/12/22 01:53,CA-00001097,Boil water advisory Tokarahi/Livingstone,Boil Water,Tokarahi/Livingstone,6/12/21 19:40,13/12/2021 9:00,Inactive,FALSE
796c6d1d-f8c9-ee11-9079-000d3acb5a90,rLiiLPX34urmbad2O1LdWzbAyNA+l5n2GwlqvaZg5y32TKAGC045AqVrfwlNJZyj1wCs4+61ZY/TVEJqEut8Nw==,24/03/2024 20:00,CA-00001524,Do Not Drink Advisory | Totara North School,Do Not Drink,Totara North School,9/2/24 08:00,22/03/2024 4:30,Inactive,FALSE
82227007-af9f-ee11-be37-002248933ae4,+goh++o/+1ol3ecCRX8qSY/dUk76VE/QOl8Bil1FajK9M65xs6jN9C7NWVW19LcjvClxu6eW/SUGSsEsfTJksw==,8/1/24 01:54,CA-00001507,Do Not Drink - Totara North School,Do Not Drink,Totara North School,21/12/2023 8:00,3/1/24 08:00,Inactive,FALSE
edd80c5f-3783-ee11-8179-000d3acb5a90,Ejv38Tc3GeUQ2fpFJH1BqBUjjN+jvbE/xs3HHC0fgHry9Z8bHkstZwr1LdrIDbIcR6lQkyF3vPT002uEaAuwtQ==,14/11/2023 21:47,CA-00001481,Do Not Drink | Totara North School,Do Not Drink,Totara North School,8/9/23 08:00,14/09/2023 8:00,Inactive,FALSE
1db112b8-2592-ed11-aad0-002248930713,4OUKmb5tZRWJ8oYaOTUrGKZlM/Q2zBo6brvh7j1GLBynFZeead1gIadg8fSTXbqCViHRNXbWOLvGBZg4VEsGdQ==,25/01/2023 3:24,CA-00001291,Boil water advisory | Tuapeka West,Boil Water,Tuapeka West,11/1/23 16:30,25/01/2023 16:58,Inactive,FALSE
cb7fb0c6-0f45-ed11-bba3-002248933f86,hjpvYPghjqd1xiNN2tb9akMdNcIkvcnLPyHaxby0OzTciRTjFVWUE9p4K9W9znaxDEHCx5vPie84gFI/LiR4lw==,29/11/2022 1:41,CA-00001235,Boil water advisory for Tuapeka West Rural Water Scheme,Boil Water,Tuapeka West,27/07/2022 8:00,24/08/2022 8:00,Inactive,FALSE
e1e53161-6b7f-ee11-8179-002248933ae4,bHPEHMI96Eol1hFtkJusBPbbhzjiRNdS9J9IxZdr80VrvzLaPH40YAfhAoOPOvZguXnJlhpsJynYTzTCS9yPXw==,24/11/2023 1:09,CA-00001478,Boil Water Notice - Upper Atiamuri School,Boil Water,Upper Atiamuri School,10/11/23 21:00,24/11/2023 8:00,Inactive,FALSE
5670d360-a41b-ee11-8f6d-002248930713,9q34SQ/QDtzGKiLDlGXmA1wSr31wrrds58xo6hXlVYiRmMWU7htBofqm5yh5TK0lNLY9isXb1uOL1F51NLky3g==,17/07/2023 0:17,CA-00001382,Noil water for Upper Takaka Supply,Boil Water,Upper Takaka,5/7/23 20:00,13/07/2023 20:00,Inactive,FALSE
b94773bd-9121-ed11-9db1-00224811d0ee,ntGgQV1/36YozXnXtCcu8f7B32m89uGfpLFdh/TezF8l2KKsg4Q9nONWA+p5DULxzQpf5U9LG7M8lKJormRszQ==,8/12/22 03:11,CA-00001205,Boil water advisory Upper Takaka,Boil Water,Upper Takaka,21/08/2022 17:30,5/9/22 16:00,Inactive,FALSE
e3a72cf6-b35c-ee11-be6f-002248933ae4,AzetTxztJAD1G8Wd1SjZJDm1b5qbf2q02a+hCTeqU6fQGnhyCwV0anYQwMzOPfFahbr7B1oNPkRUzBy+rFAFLA==,25/01/2024 3:16,CA-00001413,Boil Water Advisory | VR Group Rotorua Lake Resort,Boil Water,VR Rotorua Lake Resort,26/09/2023 17:00,11/10/23 08:00,Inactive,FALSE
c9988c1b-bdf8-ec11-82e7-002248934c07,qEUzNfkipNx1M1UXTzMqInLdO/dKGOQtm3wsVgQEerd6qG55PdRj9eQxMKyddOBdpkPA6Vxnf1TSPEpvUPMcig==,26/09/2023 1:38,CA-00001144,Boil water advisory Rotorua Lakes Resort VR - Precautionary,Boil Water,VR Rotorua Lake Resort,14/06/2022 8:00,16/06/2022 8:00,Inactive,FALSE
f750b149-b7f1-ec11-bb3d-002248934a11,7SrVB+FSRjO1UK+nMkcYlUBe/vJ3RU97hcEe3tEDeBIS6YBy6Ak7KT3hQUuVGDAHWp6l/TW1L2BGjZqh7TnmJQ==,26/09/2023 1:41,CA-00001124,Boil water advisory VR Rotorua Lake Resort Jan 22,Boil Water,VR Rotorua Lake Resort,25/01/2022 8:00,1/2/22 08:00,Inactive,FALSE
f9027fae-6a29-ed11-9db1-00224811ddc5,grXPCA5UlMzuMl9YX4QJ1y0dx8QquELhWA1Qa9feSYk0ByDSaQrWNvj+efkM5sMebvcsdw+/VuirexsAj49Zqg==,8/12/22 03:17,CA-00001218,Do Not Use advisory Waiau Pa School - E.coli detected,Do Not Use,Waiau Pa School,31/08/2022 8:00,7/9/22 13:00,Inactive,FALSE
274c18a3-e811-ed11-b83d-00224811ddc5,Ko4Hn1rDKK7dNjE8rzS91dMkFhhMJj3wL7DyQM3sBdRAM8gz0HbC1uWvC0Tlg2uEcy5TYrusQmWkSHxpeEGVMA==,5/12/22 02:01,CA-00001185,Boil water notice staffroom & drinking fountains closed at Waiau Pa School,Boil Water,Waiau Pa School,28/07/2022 8:00,5/8/22 08:00,Inactive,FALSE
8f74b623-d812-ed11-b83d-00224811ddc5,1e4lb3nj7N7RnUs7JX1mv8f6+MRke1IJMwuqQWP1hpKdgKszyInUWcpYmHjjbxxggLQqFMKUabFpBp5AtyKcvQ==,4/12/22 20:23,CA-00001188,Do not drink advisory Waiau Pa School,Do Not Drink,Waiau Pa School,25/11/2021 8:00,29/11/2021 8:00,Inactive,FALSE
ee84c4fd-c0ac-ed11-83ff-002248930713,rHj+3qb3ApmhD8hhSJZwRZKI+WdA2Gs/ue2MNnJ4QcTkG/l/TI9sNbSRcgU911N5E/ouq0M6GR7cTwT2y0cMWQ==,23/02/2023 19:24,CA-00001310,Boil Water Advisory | Waihaha Water Supply - Taupo DC | Cyclone Gabrielle,Boil Water,Waihaha Rural Area,15/02/2023 8:00,20/02/2023 8:00,Inactive,FALSE
b5febf51-a4f2-ec11-bb3d-002248934a11,uBELYUzC7b3Mlde5AQVirZeQTfh+/kh9JcEjRuQX1dEsKfB7JilkjUvy+JzGv/hd9ZEMUepCVKr8hQOmZZjmcw==,5/12/22 01:55,CA-00001135,Do not drink advice in place for Waiheke Community Childcare.,Do Not Drink,Waiheke Community Childcare,22/06/2022 8:00,27/06/2022 8:00,Inactive,FALSE
535d9f5c-4b11-ed11-b83d-00224811ddc5,WobXmnPTnS0unAWnv24H1h1VkdwJpqLPPtOlkxUYsDVx2Q5DqfnPjvDt/06tLgfxbcSrcDuiMJz7P2erqTmgww==,7/12/22 00:51,CA-00001184,Do Not Use advisory for Waiheke Island Playcentre,Do Not Use,Waiheke Island Playcentre,16/05/2022 8:00,23/05/2022 8:00,Inactive,FALSE
3b5094ed-6feb-ec11-bb3d-002248934c07,rh8ri08edMO0dzvACd+VDJtXSb86PGLV8h+B+EwrnimSd1pbtEISMfengABhei9MwiUnY/aKsKa1OY/gtEEu9A==,8/12/22 01:45,CA-00001088,Boil water advisory Hawarden (Hurunui DC),Boil Water,Waikari Basin,13/06/2022 17:00,4/7/22 08:00,Inactive,FALSE
d2663446-8340-ee11-bdf3-002248930713,Fc0LLerj9Z4r22nQdezBesIb/Z6dkHLAeyEZM0IZ6SxWVCsNi9oj+AQGKKq4NC7JHtPGSZLvToXLU5zmDi2vVg==,7/9/23 00:39,CA-00001400,Do Not Drink | Waima School,Do Not Drink,Waima School,19/07/2023 20:00,12/8/23 02:00,Inactive,FALSE
84abcc11-574b-ed11-bba2-002248933f86,Tok0ubR76/MiG+O+dHBGTa3IgllVCCKFUb/Zusbi3qw/RVU3bFKGVxUq6V5/O7wPQ5hgRbaIvE/OUiLV+kdvrQ==,5/12/22 01:43,CA-00001253,Do Not Drink - Waima School - 300+ E. coli,Do Not Drink,Waima School,21/09/2022 8:00,6/10/22 08:00,Inactive,FALSE
d8867e79-1300-ee11-8f6d-000d3acb5a90,AsL7yifHRVo253PsSZKB3Y0EyF8s7UsRHJi36Hg1nQcLVv1SbzrfyVM2vuGE6OHtroVAea+OdW8gtRR2Ov+5uA==,1/6/23 00:30,CA-00001367,Boil Water Notice for <Redacted>Supply,Boil Water,<Redacted>,28/03/2023 21:00,5/5/23 20:00,Inactive,TRUE
970a40c0-1627-ed11-9db1-00224811ddc5,lLF4wmYlGMbsojLUiLIvAfPXcnsRV0AFTY2YQ6qbpCX3TW1+gPCaDdqgTiVNv+lKIePyvAJI+M6PY0ZrXJ9Mrw==,8/12/22 03:16,CA-00001215,Boil water advisory Waimate West - E.coli detection,Boil Water,Waimate West,28/08/2022 20:00,1/9/22 18:00,Inactive,FALSE
196acd8d-4809-ed11-82e5-002248934c07,WeyKkwNDw8n9Klx+A2y7efNTrHKUONyCeAjxnly5YIUIeP7O1VGLNG16sB4a9nFt43zyUW4jSJXp82ACk+qaBg==,19/12/2022 0:30,CA-00001170,Do not drink advisory Waimauku Childcare Centre,Do Not Drink,Waimauku Childcare Centre,21/07/2022 10:00,26/07/2022 8:00,Inactive,FALSE
1df88e0e-0f9e-ee11-be37-000d3acb5a90,1L5IhJDcB9x6Oaiz1Q91TxgChRbB3f/eatIcafPywLIe9HDYHvSp0jG3SV2lPO4LW+UbqgiKUeWLMAb/4ZNupw==,26/01/2024 2:07,CA-00001505,Do Not Drink Advisory | Waioneke School,Do Not Drink,Waioneke School,18/12/2023 8:00,26/01/2024 8:00,Inactive,FALSE
e2beeb99-165b-ee11-be6f-002248930713,3KSKrNbOzx9PhgkVG/3ZQneTQwczCGisAGDoFIWtVRFlrsB/xEHptptn/cMDUQibxpqRonbkMDDXF43GuSm5ng==,15/01/2024 20:31,CA-00001410,BWN | Waioneke School,Boil Water,Waioneke School,21/09/2023 8:00,10/10/23 08:00,Inactive,FALSE
7308e791-032f-ed11-9db1-002248933f86,ajGly84sbnFEnRrNgex46KngCtLA1d0xv49e90b1hoATahqFdl6VFek1mmetuV6zeguck6n73YE11Humgd09Ig==,8/12/22 03:20,CA-00001225,Boil Water notice Waiouru Military Camp - September 2022,Boil Water,Waiouru Military Camp,6/9/22 21:00,8/9/22 08:00,Inactive,FALSE
13faf095-a2ac-ed11-83ff-000d3acb5a90,+BLKNEQJXdanmuWCPKf8qG5rSu6RqrUQ39li2lG9WxRjWnOS6UvXxN8Cnp8/wOnlU2tNKmPfJ46TNGIe884Etw==,13/03/2023 2:41,CA-00001306,Boil Water Advisory | Waipawa | Cyclone Gabrielle,Boil Water,Waipawa,14/02/2023 18:30,11/3/23 08:00,Inactive,FALSE
b76211cc-bd13-ee11-9cbe-000d3acb5a90,hNjlI7csyIDxUsFb935Rn6kYiNljaRPofU0w9bBp2DL2dKvdhJRu/rQscT8dOwBoWrruEPT4agHuP42uFYQYxg==,28/06/2023 2:50,CA-00001376,Boil Water Advisory | Waipukurau | Severe Weather,Boil Water,Waipukurau,23/06/2023 22:00,28/06/2023 15:00,Inactive,FALSE
e0a2667f-a3ac-ed11-83ff-000d3acb5a90,59Mdgor7RBnkM71x/af6AkUoK0sY9ZVsdvFqpJqJeW0Z42viXkuUtOL/VUCoXCDgm7e3orhTZwl4qtRdbmI5Pw==,23/02/2023 19:26,CA-00001307,Boil Water Advisory | Waipukurau | Cyclone Gabrielle,Boil Water,Waipukurau,14/02/2023 18:30,23/02/2023 16:36,Inactive,FALSE
0750dac8-7ffb-ed11-8f6e-002248930713,JGsZQ8aYNXzykEshsl32mjHcQTJqPpK1jDx1ShN3oPO3PSf2ecyr1GSUoqBarJOgYoBfWPCjubvfog3+SUNITQ==,6/7/23 03:59,CA-00001363,Boil Water Advisory | Wairakei Resort,Boil Water,Wairakei Resort,26/05/2023 8:00,27/05/2023 8:00,Inactive,FALSE
9b6c248c-f1f5-ed11-8848-000d3acb5a90,Z7Leu0kwuMp/U8elA6HoIEuGjgwqMry6do8lDdUD9tVdT18jhobApnxt+39I6qp7ozD9X9wAwOY0vJxUBaz4sw==,27/06/2023 20:28,CA-00001359,Do Not Drink Advisory | Waitoa Supply,Do Not Drink,Waitoa,17/05/2023 18:45,17/05/2023 22:00,Inactive,FALSE
a93f8df5-9616-ed11-b83e-00224811d0ee,CvXjqsUbRd6NHHjYLM+qnxhGlXB2pSMc0CA2chfQxn5YxkdH/EhHGkDqbs2JE4QAPb/NGAXDoPbEbc3fV5b/Mg==,5/12/22 02:05,CA-00001192,Boil water notice to staff - E.coli - Waitoki School,Boil Water,Waitoki School,11/2/22 08:00,17/02/2022 8:00,Inactive,FALSE
c71c9c7d-c597-ee11-be37-000d3acb5a90,GG59D6D1Oz171znSXwYpQEI0sG5QGp/Z4Su0VJRErLQxzi6vLEk46JY8xE5X/YgX2tXkNk45QpSM3rTLKyAGcA==,15/01/2024 2:58,CA-00001499,Do Not Drink - Waitotara School,Do Not Drink,Waitotara School,11/12/23 08:00,8/1/24 08:00,Inactive,FALSE
038135b3-32dc-ee11-904c-000d3ad07db0,kh0eb1W/tLbIs3r7TFR/e+8xl5rnbwBbYWO7rhyHdTcPHGWf8tNFI4OYXGOcLdKBxLUbbNe1EcLPedRmqat9CQ==,12/4/24 02:14,CA-00001547,Do Not Drink Advisory | Walton School,Do Not Drink,Walton School,4/3/24 08:00,11/3/24 08:00,Inactive,FALSE
3118c9dd-170e-ed11-b83d-00224811ddc5,ixa64DooWMe4Ax1g4GVjhbgZK8MJzGQAzvD+jO57Rch+5BS7ztLnkT0+4PiH7gb/FzrzJugHJbGfmx1PUPmGgA==,3/2/23 20:45,CA-00001177,Temporary BWN | Westport (Buller DC),Boil Water,Westport,21/02/2022 8:00,11/3/22 08:15,Inactive,FALSE
104aad6b-f600-ef11-9f89-00224894414a,r9dPJnS4oeaDARX7ptLCH/dOSAjFgBtR2mQlmCHiqxe/gg0DkWb5Trk6KGegWhQR78ywuhBEKOI4H5A1WHEX3w==,25/04/2024 22:47,CA-00001568,Boil Water I Whakamaru Settlers Hall,Boil Water,Whakamaru Settlers Hall,12/4/24 08:00,17/04/2024 8:00,Inactive,FALSE
4ff3ceff-0ff0-ec11-bb3d-002248934c07,dLCkkVvMHs9MQ68W6a22Wrg+CVd/cLJuM5Y3ecX15i1wdIu8m8epNkmh4mqIn0GwN561E7C2rRrN2wb84OzeJQ==,4/12/22 20:21,CA-00001092,Do not drink advisory Whakanewha Regional Park,Do Not Drink,Whakanewha Regional Park,10/6/22 08:00,20/06/2022 8:00,Inactive,FALSE
35774a7b-3011-ed11-b83d-00224811ddc5,8OSKK3oUTUDDPRhCeHxR8r7R+sMay3tXxXsuPlU8hcEOWR2PAIJ+H63nGEOhpWBRAHFQ5iU9AHTL++ntue7y9Q==,5/12/22 01:58,CA-00001183,Do not drink advisory for Whakanewha Regional Park,Do Not Drink,Whakanewha Regional Park,4/5/22 08:00,11/5/22 08:05,Inactive,FALSE
ec11e744-b793-ee11-be37-002248930713,u0nuupKBTsSJyM95ZF702hMoJNqC+iseuYYJAx2k7z4UT34Husvu0jaIIAS28e+cMzOw+jxELlwBG+ZeHUDHHA==,19/12/2023 0:52,CA-00001492,Do not Drink | Whananaki School,Do Not Drink,Whananaki School,5/12/23 08:00,19/12/2023 8:00,Inactive,FALSE
0af60dfa-b4f1-ec11-bb3d-002248934a11,Lv2l6dOzUAQPRo0bLcGQAiUzh0T24cO/35UFjKv/pq8GYtENpM2MTHSB1QgTrJfNuC6KznnrfXAdpDWhDDjTHA==,8/12/22 02:25,CA-00001122,Boil water advisory <Redacted>,Boil Water,<Redacted>,28/01/2022 8:00,4/2/22 08:00,Inactive,TRUE
61159bd7-15e6-ec11-bb3d-002248934a11,uDzP4eUekoRzpLS7OhOq7Jdnoa/Mc1VSCGuFiPKj+eS/1Poh8X697KZmeMB/rBocC581+37vvAAWrvr+fr03QQ==,8/12/22 01:35,CA-00001086,Boil water advisory Whataroa (Westland DC) Operational issues,Boil Water,Whataroa,7/6/22 08:00,6/7/22 08:00,Inactive,FALSE
0b25e3b4-1cf1-ec11-bb3d-002248934a11,+k+X8mQ6m6tn0BbFGEsq0e4r4fPLYKToGHHtfc4zNM8OsqDRhiO5UEcnQMvud1xbDQ8pKZaB5xc75GqHjw4wHA==,8/12/22 01:59,CA-00001108,Boil Water advisory Whatatutu supply,Boil Water,Whatatutu,3/12/21 08:00,6/12/21 08:00,Inactive,FALSE
639bf531-a881-ee11-8179-002248930713,JtRzPcSuSoDeQY4osZQe1zZCycaf5I6bltyLBj1s1bAPnyt3wbTiDIPWXn5QXvp0waCE8DY7PsGnnIOMfzPKJg==,19/11/2023 23:40,CA-00001479,Do Not Drink Notice - Whitikahu School,Do Not Drink,Whitikahu School,10/11/23 21:00,20/11/2023 21:00,Inactive,FALSE
ff383371-3c06-ed11-82e5-002248934c07,72GI9DOm31hyP4ez8xL5alCDwbqm5xnYUfuQ8mezTp8GGNhzNUWoKisSJ/c9n1jqtz0SaBbGGoZU7PLAE8/lXA==,8/12/22 02:50,CA-00001160,Boil Water advisory Windsor,Boil Water,Windsor,11/7/22 08:00,15/07/2022 9:00,Inactive,FALSE
f115caf9-05f1-ec11-bb3d-002248934c07,VfLd+pOb07NtV7kN6X/JYJy46hznitFqSC5167nKki0oX3rpzPeBPwzRPWE1gkGfxNWoyZs1DF9I7tuMgebidg==,8/12/22 01:52,CA-00001095,Boil water advisory Windsor - Precautionary,Boil Water,Windsor,25/11/2021 9:00,3/12/21 09:00,Inactive,FALSE
7781a76c-4acc-ee11-9079-002248933ae4,o/IE7VYwiOUuUz9yNRbpd8Hd7TryiEfzEs2q+MRjIcRadeq39eCWPldbPg9hoKjV0aNBzpERtjzxPlRgvdMPCw==,21/02/2024 23:30,CA-00001532,Boil Water | Woodville | Possum carcass in treated water reservoir,Boil Water,Woodville,15/02/2024 18:00,20/02/2024 10:00,Inactive,FALSE
67452e1d-ed24-ee11-9965-000d3acb5a90,g8yoWqXpQRLUw1Lja/MTemQ4CyVhPRfNRxbVPwBHJLC4zF43JZB51D0FrTNjGygh01Jh0QZy4iJ0gbiiz4Ot9w==,17/07/2023 21:59,CA-00001386,Boil Water Notice BWN - Pongaroa,Boil Water,Woodville,10/7/23 16:30,18/07/2023 8:00,Inactive,FALSE
7dbd95b2-382a-ed11-9db1-00224811ddc5,ywHRI3KELx7kwy2otq7NJV/lbW8EjJ7AxH9VHUL8bfYmGn414UfV3y7EqOvpPylRPatSJCfeRcUktBBl6vo4Tg==,8/12/22 03:18,CA-00001220,Boil water advisory Woodville,Boil Water,Woodville,1/9/22 20:00,8/9/22 08:00,Inactive,FALSE
df66792d-439d-ee11-be37-000d3acb5a90,rwJK/suED00chEwujj0LBdgFf/aSzFqYHdZBmsvHEcYaFIehYeSW9BrIluBfGoUZPkskGSw4lO79+zvaqMtQmw==,7/1/24 19:15,CA-00001504,Boil Water Notice | <Redacted> <Redacted> Managed by <Redacted>,Boil Water,,17/12/2023 8:00,27/12/2023 8:00,Inactive,TRUE
4754244b-6b89-ee11-be36-000d3acb5a90,79D4NJlq0JDcOsUHbCxGlbENH1GwjuI5Q0WlCXuv1411pbQM+FiIuqV1u/eWO8Ta3haGA5b/Y5gNj53s73jpXw==,29/11/2023 1:21,CA-00001487,Boil Water for <Redacted>,Boil Water,,22/11/2023 8:00,28/11/2023 8:00,Inactive,TRUE
5d9b887a-ac1e-ee11-9966-002248933ae4,qViU+T4pNH2xRuNKXjiFRB0YRhgLs6Dt6OJKr23NQliWzcZ2OLDfqsnVKanWdkJ0D63+/Au4cVVsE7c2TSeKbQ==,17/03/2024 20:30,CA-00001383,Do not drink advisory | <Redacted>,Do Not Drink,,10/7/23 20:00,16/07/2023 20:00,Inactive,TRUE
680e2322-09c9-ed11-b596-002248930713,g60K+U1QzbxeUzp6iJpQ6cB1wbYDEDJNPwSiOvhwa4lwjWB59636ZE7XZ7L1ahbqS+YpxHJwDf4BWAWPxIHe8Q==,22/03/2023 23:28,CA-00001336,Do not Drink Advisory | <Redacted>- Unregistered Supply,Do Not Drink,,4/3/23 08:00,9/3/23 08:00,Inactive,TRUE
ae9d7d2f-06c9-ed11-b596-002248930713,6d93EiUgwymBE4hyHnxHysDffaNZ9Ffwh2PIQ0JntBuThxVLRw52Axq5xKUKDAPfdUJuTZfxetrbYnmgO2KEqQ==,17/05/2023 20:39,CA-00001333,Boil Water | <Redacted>- Unregistered Supply,Boil Water,,24/02/2023 8:00,30/04/2023 8:00,Inactive,TRUE
ec57a0f4-e3b6-ed11-b597-002248930713,MqX0utyFf6QjtV1wPTOhMnHzCjF7deepwfmRnFSLyZA9aNzPCs0vetGP8txc6lGkqXKxGRn6SQXsYmmY2lKsFw==,17/05/2023 4:07,CA-00001322,Boil Water <Redacted>,Boil Water,,16/02/2023 21:00,24/02/2023 21:00,Inactive,TRUE
9c7fdfc7-1ac9-ed11-b596-002248930713,dKNDFp+rR/mBEzXY+VWtvAgkFeFxVs+kkCw5YLqkG8B5zE2tJH5vA3HtCWthSlfS+E7h7LqlfU3fe/r6v+uAgg==,23/03/2023 1:38,CA-00001338,Boil Water Advisory | <Redacted>-Unregistered,Boil Water,,25/01/2023 8:00,30/01/2023 8:00,Inactive,TRUE
7e699809-3782-ed11-81ac-002248930713,/cl0Soo+tuuFyP09f/nPT0r1iEcptj9chCntWNmKNroP5++GldBLgeBdzE2K5EWuODRJhZ2KLooWNtuJBwmkRw==,15/05/2023 23:18,CA-00001285,Do not Use Advisory | <Redacted>,Do Not Use,,20/12/2022 8:00,27/12/2022 8:00,Inactive,TRUE
065700a3-1d5b-ed11-9562-002248933f86,bgqvUZd5HtjbCQC4SFyftxC3iGZpxcygAshQ/mdARmtJBPB0URNluYBzXgT3Hw1EQXA3cPWy/ZGeJj3QEIJICg==,8/12/22 03:25,CA-00001256,Boil water advisory <Redacted>Unregistered Rural VSC water supply,Boil Water,,21/10/2022 8:00,10/11/22 08:00,Inactive,TRUE
625207e2-e149-ed11-bba2-002248933ae4,bzLGAy/XCfpGB8fSV8ycrFRjJRjNXez/gOREKwwqAbOfoG8sToSqw4MDpK5iOKOzs06AYK9krzFxTOb7ojl97Q==,5/12/22 01:13,CA-00001246,Boil Water Notice - <Redacted>- Unregistered supply,Boil Water,,1/9/22 08:00,8/9/22 08:00,Inactive,TRUE
9849e2e2-fa23-ed11-9db1-00224811d0ee,EH5EWZdt7a1toA2TVJ6P98415xoARzHq+GYr8wR6OQRNHT4BPYIJaj4I3FezhCdAmfr/IHHswTG1iRhOpZ0+4w==,8/12/22 03:15,CA-00001213,Boil water advisory <Redacted>,Boil Water,,28/07/2022 13:30,1/8/22 08:00,Inactive,TRUE
159ad169-c849-ed11-bba2-002248933ae4,vQ62dXczWvE+sAFLgiGghKDL1rL4XRTT95x5N7hvYhkmIuRBxBiVZulPqxMbA+n8HgaFgdRFfzcjPTxdO2jRsA==,5/12/22 01:09,CA-00001244,Boil Water - <Redacted>- Unregistered supply,Boil Water,,29/04/2022 8:00,13/05/2022 8:00,Inactive,TRUE
80f22cf1-b249-ed11-bba2-002248933ae4,8Kd553RoN/99bc62Hq6Dz86CXzCMeKiWa4/SFMCJUtkZD1U2VR4awAkk87BNHOoKI3zAWSlLFlhD8ROFm6ojlQ==,5/12/22 01:07,CA-00001241,Do Not Drink - <Redacted>- Unregistered supply,Do Not Drink,,4/3/22 08:00,15/03/2022 8:00,Inactive,TRUE
53dad1eb-fe11-ed11-b83d-00224811ddc5,XGid0e8kYUCpVAABB78caovqZafeYZEdF9ms7U3j3mIyTlCwqSv2n+TsU168ZHus6ZKe8rYgGzD/z/MVoCkBvA==,5/12/22 02:02,CA-00001186,Do not use for drinking advice until retesting complete for <Redacted> - Unregistered supply,Do Not Use,,4/2/22 08:00,14/02/2022 8:00,Inactive,TRUE
903cd261-77f2-ec11-bb3d-002248934a11,bHItkXKFCGztMMEOdwSEmIOoAiiDywFbj/ZDkIbKoLUjrFznS4/mtqst/gojomh6R0jO+jUPh3ffmLnLfTGpzw==,5/12/22 01:50,CA-00001131,Do not drink advisory in place for <Redacted>unregistered supply,Do Not Drink,,24/12/2021 8:00,20/01/2022 8:00,Inactive,TRUE
2719ee1a-a7f1-ec11-bb3d-002248934a11,T+Xn5ie1I6uzompO0piDOhYLcRKMeKEH+R7oMxIQJgSmIkwpoovvTWGvKtveEukQtTqS49CbkR2d3/ctmptN7g==,8/12/22 02:21,CA-00001118,Do not use advisory <Redacted>- Unregistered supply,Do Not Use,,24/12/2021 8:00,26/12/2021 10:46,Inactive,TRUE
3ca254a7-97f1-ec11-bb3d-002248934a11,skTneD4qn+JPQ6A6tOZ1WimVUWFr4NX0GFJzpweVqmhezUvzmvm8ooZnV+5Hij3j0XA4eod7qeUUI+lWHpWFaQ==,8/12/22 02:00,CA-00001111,Boil Water advisory <Redacted> - Unregistered supply,Boil Water,,23/12/2021 8:00,28/12/2021 8:00,Inactive,TRUE
aa8c4003-9cf1-ec11-bb3d-002248934a11,r+xawyPHM81WKyXORgzZBK2cow5vbi8S0EbRSoxcyGCrbUJXi9O7Q8cMENfeTkt83y3CD1WD5O7MWPwqeX1XsQ==,27/06/2023 0:45,CA-00001113,Boil Water advisory <Redacted> - Unregistered supply,Boil Water,,11/12/21 08:00,24/12/2021 8:00,Inactive,TRUE
42de0e22-99f1-ec11-bb3d-002248934a11,CCA4qoxzeiLtw+frByl5Hf7ywI3R/b1ZbLc6Iz3GQlPHsxgQIptj8rr5gi/OABC009M/NVMFb2btlDyswaoaNw==,8/12/22 02:01,CA-00001112,Boil Water advisory <Redacted> - Unregistered supply,Boil Water,,23/11/2021 8:00,24/12/2021 8:00,Inactive,TRUE
c53ab4dc-15f1-ec11-bb3d-002248934a11,l2djbGBMWKF7bvEPph/Vi5rT4J5UcWzZXU7SxWFmMp8vxF3xcdky8Fhp2i+BHNghBZK1SBGbEfq+e/M3ytZaFw==,8/12/22 01:57,CA-00001104,Boil Water advisory <Redacted> - Unregistered supply,Boil Water,,16/11/2021 8:00,30/11/2021 8:00,Inactive,TRUE